<?xml version="1.0" encoding="UTF-8"?>
<window>
    <defaultcontrol always="true">2</defaultcontrol>
    <controls>
        <control type="group">
            <height>360</height>
            <bottom>view_pad</bottom>
            <left>view_pad</left>
            <right>view_pad</right>

            <animation reversible="false" type="WindowOpen">
                <effect type="slide" end="0" start="0,320" time="300" tween="sine" easing="out" />
                <effect type="fade" start="0" end="100" time="300" delay="150" />
            </animation>

            <animation reversible="false" type="WindowClose">
                <effect type="slide" start="0" end="0,320" time="400" tween="sine" easing="inout" />
                <effect type="fade" end="0" start="100" time="300" />
            </animation>

            <control type="group">
                <width>427</width>
                <height>240</height>
                <include>Object_ItemBack</include>
                <control type="image">
                    <width>128</width>
                    <height>128</height>
                    <centerleft>50%</centerleft>
                    <centertop>50%</centertop>
                    <texture colordiffuse="panel_fg_70">special://skin/extras/icons/image.png</texture>
                </control>
            </control>

            <!-- Episodes List -->
            <include content="List_Core">
                <param name="orientation" value="horizontal" />
                <param name="controltype" value="fixedlist" />
                <param name="id" value="11" />
                <param name="item_w" value="427" />
                <param name="item_h" value="240" />
                <param name="itemlayout_w" value="467" />
                <param name="itemlayout_h" value="280" />
                <param name="itemlayout_include" value="OSD_Episodes_Layout" />
                <param name="offset_y" value="40" />
                <param name="offset_x">40</param>
                <focusposition>0</focusposition>
                <movement>0</movement>
                <height>360</height>
                <top>-40</top>
                <onup>6400</onup>
                <left>-40</left>
                <width>1441</width>
                <onup>Close</onup>
                <ondown>2</ondown>
            </include>

            <include content="OSD_Episodes_Arrows">
                <param name="id">11</param>
                <width>1361</width>
                <height>240</height>
            </include>

            <control type="grouplist">
                <height>grid_x06</height>
                <bottom>-10</bottom>
                <orientation>horizontal</orientation>
                <itemgap>30</itemgap>
                <onup>11</onup>

                <include content="OSD_Button">
                    <param name="icon" value="special://skin/extras/icons/plus.png" />
                    <param name="visible" value="Control.IsEnabled(2)" />
                    <param name="id" value="2" />
                    <param name="groupid" value="9002" />
                </include>
                <include content="OSD_Button">
                    <param name="icon" value="special://skin/extras/icons/trash-can.png" />
                    <param name="visible" value="Control.IsEnabled(3) + !Integer.IsEqual(Container(11).NumItems,0)" />
                    <param name="id" value="3" />
                    <param name="groupid" value="9003" />
                </include>
                <include content="OSD_Button">
                    <param name="icon" value="special://skin/extras/icons/image.png" />
                    <param name="visible" value="Control.IsEnabled(4)" />
                    <param name="id" value="4" />
                    <param name="groupid" value="9004" />
                </include>
            </control>
        </control>
    </controls>
</window>
