<?xml version="1.0" encoding="UTF-8"?>
<includes>

    <expression name="Exp_ShowBigPosterInfo">[Control.HasFocus(58) + System.IdleTime(3) + !Skin.HasSetting(Views.DisableBigPosterRowAutoInfo)]</expression>

    <expression name="Exp_HomeBarVisible">[Control.HasFocus(300) | Control.HasFocus(399) | ControlGroup(303).HasFocus() | Control.HasFocus(302) | ControlGroup(9000).HasFocus() | [Integer.IsEqual(Window(Home).Property(TMDBHelper.WidgetContainer),301) + [String.IsEqual(Container(300).ListItem.Property(widgetStyle),Fullscreen) | String.IsEmpty(Container(300).ListItem.Property(widgetStyle))]]]</expression>

    <expression name="Exp_HasTempoShift">[!String.IsEmpty(Player.PlaySpeed) + !String.IsEqual(Player.PlaySpeed,1.00) + !String.IsEqual(Player.PlaySpeed,0.00)]</expression>

    <expression name="Exp_HasPlayerStatus">Player.Caching | Player.Paused | Player.Rewinding | Player.Forwarding | Player.Seeking | [Player.DisplayAfterSeek + !String.IsEmpty(Player.SeekOffset)] | !String.IsEmpty(Player.SeekNumeric) | !String.IsEmpty(PVR.ChannelNumberInput) | $EXP[Exp_HasTempoShift]</expression>

    <expression name="Exp_HasAutoCompletion">[System.HasAddon(plugin.program.autocompletion) + System.AddonIsEnabled(plugin.program.autocompletion) + !Skin.HasSetting(Keyboard.DisableAutoCompletion)]</expression>

    <expression name="Exp_IsGenre">[String.IsEqual(ListItem.DBType,genre) | String.IsEqual(ListItem.Property(dbtype),genre) | Container.Content(genres)]</expression>
    <expression name="Exp_IsStudio">[String.IsEqual(ListItem.DBType,studio) | String.IsEqual(ListItem.Property(dbtype),studio) | Container.Content(studios)]</expression>
    <expression name="Exp_IsCountry">[String.IsEqual(ListItem.DBType,country) | String.IsEqual(ListItem.Property(dbtype),country) | Container.Content(countries)]</expression>

    <expression name="Exp_HasFurnitureNowPlaying">[[[Player.HasVideo + ![$EXP[Exp_InfoDialogs] + !String.IsEmpty(Window(Home).Property(HasTrailer))]] | Player.HasAudio] + ![VideoPlayer.IsFullscreen | Window.IsVisible(MusicVisualisation.xml)]]</expression>

    <expression name="Exp_TMDbHelper_IsUpdating">[!String.IsEmpty(Window(Home).Property(TMDBHelper.IsUpdating)) | !String.IsEmpty(Window(Home).Property(TMDBHelper.IsUpdatingRating))]</expression>

    <expression name="Exp_HasProfileImage">[Skin.HasSetting(Home.ShowProfileImage) + !String.IsEmpty(System.ProfileThumb) + [Window.IsVisible(Home) | $EXP[Exp_SettingsDialogs]] + !$EXP[Exp_InfoDialogs]]</expression>

    <expression name="Exp_HasBackgroundVideo">[Skin.HasSetting(UseBackgroundVideo) + Player.HasVideo + ![$EXP[Exp_InfoDialogs] + !String.IsEmpty(Window(Home).Property(HasTrailer))]]</expression>

    <expression name="Exp_HasPagesItems">[[Control.HasFocus(60) | Control.HasFocus(61) | Control.HasFocus(65)] + !$EXP[Exp_InfoDialogs]]</expression>

    <expression name="Exp_HasBackgroundFanart">[Window.IsVisible(MyPVRGuide.xml) | Window.IsMedia | $EXP[Exp_InfoDialogs] | [Skin.HasSetting(HomeFanart) + [Window.IsActive(1114) | Window.IsActive(Home)]]]</expression>

    <expression name="Exp_HasExtraFanart">[!Skin.HasSetting(Background.DisableExtraFanart) + [!String.IsEmpty(ListItem.Art(fanart1)) | !String.IsEmpty(ListItem.Art(tvshow.fanart1))]]</expression>

    <expression name="Exp_HasArtLandscape">[!String.IsEmpty(ListItem.Art(landscape)) | !String.IsEmpty(ListItem.Art(tvshow.landscape)) | !String.IsEmpty(ListItem.Art(season.landscape))]</expression>

    <expression name="Exp_HasArtFanart">[!String.IsEmpty(ListItem.Art(fanart)) | !String.IsEmpty(ListItem.Art(tvshow.fanart)) | !String.IsEmpty(ListItem.Art(season.fanart))]</expression>

    <expression name="Exp_HasLandscapeFormatArt">[$EXP[Exp_HasArtFanart] | $EXP[Exp_HasArtLandscape] | !String.IsEmpty(ListItem.EPGEventIcon) | [!$EXP[Exp_IsPVRItem] + !String.IsEmpty(ListItem.Art(thumb))]]</expression>

    <expression name="Exp_HasWatchedProgress">[!Skin.HasSetting(Indicator.DisableProgress) + [[ListItem.IsResumable + !Integer.IsEqual(ListItem.PercentPlayed,0)] | [!String.IsEmpty(ListItem.Property(WatchedProgress)) + !Integer.IsEqual(ListItem.Property(WatchedProgress),0)] | [!Integer.IsEqual(ListItem.Progress,0)]]]</expression>

    <expression name="Exp_IsPVRItem">[!String.IsEmpty(ListItem.ChannelNumberLabel) | String.IsEqual(ListItem.Path,pvr://channels/tv/)]</expression>

    <expression name="Exp_IsPersonInfo">[String.IsEqual(ListItem.Property(item.type),person) | String.IsEqual(ListItem.Property(tmdb_type),person)]</expression>

    <expression name="Exp_AlphabetTypes_Only">[String.IsEqual(Container.SortMethod,$LOCALIZE[551]) | String.IsEqual(Container.SortMethod,$LOCALIZE[556]) | String.IsEqual(Container.SortMethod,$LOCALIZE[561]) | String.IsEqual(Container.SortMethod,$LOCALIZE[557]) | String.IsEqual(Container.SortMethod,$LOCALIZE[558])]</expression>

    <expression name="Exp_AlphabetVisible">[[Control.HasFocus(60) | Control.HasFocus(65)] + $EXP[Exp_AlphabetTypes_Only] + !Skin.HasSetting(DisableAlphabetScrollbar)]</expression>

    <expression name="Exp_ContextMenu_HasPoster">[[!String.IsEmpty(Container(99950).ListItem.Art(poster)) | !String.IsEmpty(Container(99950).ListItem.Property(base_poster))] + !$EXP[Exp_ContextMenu_HasBasic]]</expression>

    <expression name="Exp_ContextMenu_HasIcon">[!$EXP[Exp_ContextMenu_HasPoster] + !String.IsEmpty(Container(99950).ListItem.Property(base_icon)) + !$EXP[Exp_ContextMenu_HasBasic]]</expression>

    <expression name="Exp_ContextMenu_HasBasic">[String.IsEqual(Control.GetLabel(1002),$LOCALIZE[12021]) + String.IsEmpty(Control.GetLabel(1003))]</expression>

    <expression name="Exp_ContextMenu_QuickBar">[[!String.IsEmpty(Container(99950).ListItem.Property(base_dbtype)) + [String.IsEqual(Container(99950).ListItem.Property(base_dbtype),movie) | String.IsEqual(Container(99950).ListItem.Property(base_dbtype),tvshow) | String.IsEqual(Container(99950).ListItem.Property(base_dbtype),season) | String.IsEqual(Container(99950).ListItem.Property(base_dbtype),episode) | String.IsEqual(Container(99950).ListItem.Property(base_dbtype),set) | String.IsEqual(Container(99950).ListItem.Property(base_dbtype),artist) | String.IsEqual(Container(99950).ListItem.Property(base_dbtype),album) | String.IsEqual(Container(99950).ListItem.Property(base_dbtype),song)]] | [String.IsEmpty(Container(99950).ListItem.Property(base_dbtype)) + [String.IsEqual(ListItem.DBType,movie) | String.IsEqual(ListItem.DBType,tvshow) | String.IsEqual(ListItem.DBType,season) | String.IsEqual(ListItem.DBType,episode) | String.IsEqual(ListItem.DBType,set) | String.IsEqual(ListItem.DBType,artist) | String.IsEqual(ListItem.DBType,album) | String.IsEqual(ListItem.DBType,song)]]]</expression>

    <expression name="Exp_FullscreenWidgetStandard">[!String.IsEmpty(Container(300).ListItem.Property(widgetPath)) + [String.IsEqual(Container(300).ListItem.Property(widgetStyle),Fullscreen) | String.IsEmpty(Container(300).ListItem.Property(widgetStyle))]]</expression>

    <expression name="Exp_ShowSideArt">[Window.IsMedia | String.IsEqual(Window(Home).Property(Slide.WidgetInfoStyle),Full)]</expression>

    <expression name="Exp_PVRWindows">[Window.IsVisible(MyPVRGuide.xml) | Window.IsVisible(MyPVRChannels.xml) | Window.IsVisible(MyPVRTimers.xml) | Window.IsVisible(MyPVRRecordings.xml) | Window.IsVisible(MyPVRSearch.xml)]</expression>

    <expression name="Exp_InfoDialogs">[Window.IsVisible(DialogVideoInfo.xml) | Window.IsVisible(DialogMusicInfo.xml) | Window.IsVisible(DialogAddonInfo.xml) | Window.IsVisible(DialogPVRInfo.xml)]
    </expression>
    <expression name="Exp_InfoDialogs_Active">[Window.IsActive(DialogVideoInfo.xml) | Window.IsActive(DialogMusicInfo.xml) | Window.IsActive(DialogAddonInfo.xml) | Window.IsActive(DialogPVRInfo.xml)]
    </expression>

    <expression name="Exp_OverlayDialogs">[Window.IsVisible(FileBrowser.xml) | Window.IsVisible(DialogSelect.xml) | Window.IsVisible(DialogAddonSettings.xml) | Window.IsVisible(DialogKeyboard.xml) | Window.Isvisible(1113) | Window.IsVisible(1111) | Window.IsVisible(DialogContextMenu.xml) | Window.IsVisible(DialogConfirm.xml)]
    </expression>

    <expression name="Exp_RecommendationDialogs">[Window.IsVisible(script-tmdbhelper-recommendations.xml)]</expression>

    <expression name="Exp_SearchWindow">[Window.IsVisible(1114)]</expression>

    <expression name="Exp_WidgetWindow">[Window.IsVisible(Home) | $EXP[Exp_SearchWindow] | $EXP[Exp_RecommendationDialogs]]</expression>

    <expression name="Exp_SettingsDialogs">[Window.IsVisible(SettingsCategory.xml) | Window.IsVisible(SkinSettings.xml) | Window.IsVisible(SettingsProfile.xml) | Window.IsVisible(SettingsSystemInfo.xml) | Window.IsVisible(EventLog.xml)]</expression>
    <expression name="Exp_SettingsDialogs_Next">[Window.Next(SettingsCategory.xml) | Window.Next(SkinSettings.xml) | Window.Next(SettingsProfile.xml) | Window.Next(SettingsSystemInfo.xml) | Window.Next(EventLog.xml) | Window.Next(1197)]</expression>
    <expression name="Exp_SettingsDialogs_Prev">[Window.Previous(SettingsCategory.xml) | Window.Previous(SkinSettings.xml) | Window.Previous(SettingsProfile.xml) | Window.Previous(SettingsSystemInfo.xml) | Window.Previous(EventLog.xml) | Window.Previous(1197)]</expression>

    <expression name="Exp_RowViews">[Control.IsVisible(50) | Control.IsVisible(51) | Control.IsVisible(52) | Control.IsVisible(57)]</expression>

    <expression name="Exp_ScrollViews">[Control.IsVisible(504) | Control.IsVisible(514) | Control.IsVisible(524)]</expression>

    <expression name="Exp_CombinedViews">[Control.IsVisible(502) | Control.IsVisible(512) | Control.IsVisible(522) | Control.IsVisible(572)]</expression>

    <expression name="Exp_WallViews">[Control.IsVisible(500) | Control.IsVisible(510) | Control.IsVisible(520) | Control.IsVisible(540) | Control.IsVisible(570) | Control.IsVisible(580) | Control.IsVisible(550)]</expression>

    <expression name="Exp_ListViews">[Control.IsVisible(501) | Control.IsVisible(511) | Control.IsVisible(507) | Control.IsVisible(517)]</expression>

    <expression name="Exp_BigListViews">[Control.IsVisible(508) | Control.IsVisible(558)]</expression>

    <!-- <expression name="Exp_View_Special">[True]</expression> -->
    <expression name="Exp_View_Special">!String.IsEqual(Container.Property(param.info),user_discover)</expression>

</includes>
