<?xml version="1.0" encoding="UTF-8"?>
<window>
    <defaultcontrol>11</defaultcontrol>
    <controls>
        <control type="group">
            <height>360</height>
            <bottom>view_pad</bottom>
            <left>view_pad</left>
            <right>view_pad</right>

            <animation reversible="false" type="WindowOpen" condition="String.IsEmpty(Window(Home).Property(OSDExpandInfo))">
                <effect type="slide" end="0" start="0,320" time="300" tween="sine" easing="out" />
                <effect type="fade" start="0" end="100" time="300" delay="150" />
            </animation>
            <animation reversible="false" type="WindowOpen" condition="!String.IsEmpty(Window(Home).Property(OSDExpandInfo))">
                <effect type="fade" start="0" end="100" time="300" delay="150" />
            </animation>

            <animation reversible="false" type="WindowClose" condition="String.IsEmpty(Window(Home).Property(OSDExpandInfo))">
                <effect type="slide" start="0" end="0,320" time="400" tween="sine" easing="inout" />
                <effect type="fade" end="0" start="100" time="300" />
            </animation>
            <animation reversible="false" type="WindowClose" condition="!String.IsEmpty(Window(Home).Property(OSDExpandInfo))">
                <effect type="fade" end="0" start="100" time="300" />
            </animation>

            <control type="group">
                <width>427</width>
                <height>240</height>
                <visible>Integer.IsEqual(Container(11).NumItems,0)</visible>
                <include>Object_ItemBack</include>
                <control type="image">
                    <width>128</width>
                    <height>128</height>
                    <centerleft>50%</centerleft>
                    <centertop>50%</centertop>
                    <texture colordiffuse="panel_fg_70">special://skin/extras/icons/image.png</texture>
                </control>
            </control>

            <!-- Episodes List -->
            <include content="List_Core">
                <param name="orientation" value="horizontal" />
                <param name="controltype" value="fixedlist" />
                <param name="id" value="11" />
                <param name="item_w" value="427" />
                <param name="item_h" value="240" />
                <param name="itemlayout_w" value="467" />
                <param name="itemlayout_h" value="280" />
                <param name="itemlayout_include" value="OSD_Episodes_Layout" />
                <param name="offset_y" value="40" />
                <param name="offset_x">40</param>
                <focusposition>0</focusposition>
                <movement>0</movement>
                <height>360</height>
                <top>-40</top>
                <onup>6400</onup>
                <left>-40</left>
                <width>1441</width>
                <onup>Close</onup>
                <ondown>2</ondown>
            </include>

            <include content="OSD_Episodes_Arrows">
                <param name="id">11</param>
                <width>1361</width>
                <height>240</height>
            </include>

            <control type="textbox">
                <top>280</top>
                <width>1080</width>
                <label>[COLOR=panel_fg_100][B]$INFO[Container(11).ListItem.Season,S,]$INFO[Container(11).ListItem.Episode,E, ]$INFO[Container(11).ListItem.Title,, ~ ][/B][/COLOR]$INFO[Container(11).ListItem.Plot]</label>
                <font>font_plotbox_mini</font>
                <textcolor>panel_fg_70</textcolor>
                <height>80</height>
            </control>
        </control>
    </controls>
</window>
