<?xml version="1.0" encoding="UTF-8"?>
<includes>
    <variable name="Image_ClearArtOSD">
        <value condition="!String.IsEmpty(Player.Art(tvshow.clearart))">$INFO[Player.Art(tvshow.clearart)]</value>
        <value condition="!String.IsEmpty(Player.Art(clearart))">$INFO[Player.Art(clearart)]</value>
    </variable>
    <variable name="Image_SettingsHeader">
        <value condition="Window.IsActive(systeminfo)">special://skin/extras/icons/sysinfo.png</value>
        <value condition="Window.IsActive(systemsettings)">special://skin/extras/icons/configure.png</value>
        <value condition="Window.IsActive(pvrsettings)">special://skin/extras/icons/livetv.png</value>
        <value condition="Window.IsActive(skinsettings)">special://skin/extras/icons/paintbrush.png</value>
        <value condition="Window.IsActive(addonbrowser)">special://skin/extras/icons/addons.png</value>
        <value condition="Window.IsActive(profiles)">special://skin/extras/icons/actor.png</value>
        <value condition="Window.IsActive(servicesettings)">special://skin/extras/icons/network.png</value>
        <value condition="Window.IsActive(interfacesettings)">special://skin/extras/icons/skinsettings.png</value>
        <value condition="Window.IsActive(mediasettings)">special://skin/extras/icons/tags.png</value>
        <value condition="Window.IsActive(playersettings)">special://skin/extras/icons/equalizer.png</value>
        <value>special://skin/extras/icons/settings.png</value>
    </variable>
    <variable name="Image_MusicVisualisation">
        <value condition="Skin.HasSetting(ArtistSlideShow.Enabled) + !String.IsEmpty(Window(Visualisation).Property(ArtistSlideshow.Image))">$INFO[Window(Visualisation).Property(ArtistSlideshow.Image)]</value>
        <value condition="!String.IsEmpty(Window(Home).Property(TMDbHelper.Player.Fanart))">$INFO[Window(Home).Property(TMDbHelper.Player.Fanart)]</value>
        <value condition="!String.IsEmpty(Player.Art(fanart))">$INFO[Player.Art(fanart)]</value>
    </variable>
    <variable name="Image_Poster">
        <value condition="Window.IsVisible(DialogVideoInfo.xml) + !String.IsEmpty(Window.Property(list)) + !Container(9500).IsUpdating">$INFO[Container(9500).ListItem.Icon]</value>
        <value condition="Window.IsVisible(DialogVideoInfo.xml) + String.IsEqual(Control.GetLabel(5),$LOCALIZE[207])">$INFO[Container(50).ListItem.Icon]</value>
        <value condition="Window.IsVisible(MyVideoNav.xml) + Container.Content(genres) + System.HasAddon(resource.images.moviegenreicons.transparent)">$INFO[ListItem.Label,resource://resource.images.moviegenreicons.transparent/,.png]</value>
        <value condition="!String.IsEmpty(ListItem.Art(season.poster))">$INFO[ListItem.Art(season.poster)]</value>
        <value condition="!String.IsEmpty(ListItem.Art(poster))">$INFO[ListItem.Art(poster)]</value>
        <value condition="!String.IsEmpty(ListItem.Art(tvshow.poster))">$INFO[ListItem.Art(tvshow.poster)]</value>
        
        <value>$INFO[ListItem.Icon]</value>
    </variable>

    <variable name="Image_Poster_Genres">
        <value condition="System.HasAddon(resource.images.moviegenreicons.transparent)">$INFO[ListItem.Label,resource://resource.images.moviegenreicons.transparent/,.png]</value>
        <value>$VAR[Image_Poster]</value>
    </variable>

    <variable name="Image_Thumb">
        <value condition="[Container.Content(episodes) | Window.IsVisible(MyPics.xml) | Container.Content(videos) | Window.IsVisible(1131)] + !String.IsEmpty(ListItem.Art(thumb))">$INFO[ListItem.Art(thumb)]</value>
        <value condition="!String.IsEmpty(ListItem.Art(fanart))">$INFO[ListItem.Art(fanart)]</value>
        <value condition="!String.IsEmpty(Window(home).Property(TMDBbHelper.ListItem.Fanart)) + !Control.IsVisible(58) + !Control.IsVisible(553) + !Control.IsVisible(56)">$INFO[Window(home).Property(TMDBbHelper.ListItem.Fanart)]</value>
        <value>$INFO[ListItem.Icon]</value>
    </variable>

    <variable name="Image_PVRThumb">
        <value condition="!String.IsEmpty(Window(Home).Property(TMDBbHelper.ListItem.Fanart))">$INFO[Window(Home).Property(TMDBbHelper.ListItem.Fanart)]</value>
        <value condition="!String.IsEmpty(Skin.String(background.fallback))">$INFO[Skin.String(background.fallback)]</value>
        <value>special://skin/extras/backgrounds/home.jpg</value>
    </variable>

    <variable name="Image_OSDMusicFlagstar5">
        <value condition="String.IsEqual(Player.StarRating,rating5.png)">star10</value>
        <value>star0</value>
    </variable>
    <variable name="Image_OSDMusicFlagstar4">
        <value condition="String.IsEqual(Player.StarRating,rating5.png)">star10</value>
        <value condition="String.IsEqual(Player.StarRating,rating4.png)">star10</value>
        <value>star0</value>
    </variable>
    <variable name="Image_OSDMusicFlagstar3">
        <value condition="String.IsEqual(Player.StarRating,rating5.png)">star10</value>
        <value condition="String.IsEqual(Player.StarRating,rating4.png)">star10</value>
        <value condition="String.IsEqual(Player.StarRating,rating3.png)">star10</value>
        <value>star0</value>
    </variable>
    <variable name="Image_OSDMusicFlagstar2">
        <value condition="String.IsEqual(Player.StarRating,rating5.png)">star10</value>
        <value condition="String.IsEqual(Player.StarRating,rating4.png)">star10</value>
        <value condition="String.IsEqual(Player.StarRating,rating3.png)">star10</value>
        <value condition="String.IsEqual(Player.StarRating,rating2.png)">star10</value>
        <value>star0</value>
    </variable>
    <variable name="Image_OSDMusicFlagstar1">
        <value condition="String.IsEqual(Player.StarRating,rating5.png)">star10</value>
        <value condition="String.IsEqual(Player.StarRating,rating4.png)">star10</value>
        <value condition="String.IsEqual(Player.StarRating,rating3.png)">star10</value>
        <value condition="String.IsEqual(Player.StarRating,rating2.png)">star10</value>
        <value condition="String.IsEqual(Player.StarRating,rating1.png)">star10</value>
        <value>star0</value>
    </variable>




    <variable name="Image_Fanart">
        <value condition="!String.IsEmpty(ListItem.Art(fanart))">$INFO[ListItem.Art(fanart)]</value>
    </variable>

    <variable name="Image_HubFanart">
        <value condition="!String.IsEmpty(ListItem.Art(fanart))">$INFO[ListItem.Art(fanart)]</value>
        <value condition="!String.IsEmpty(ListItem.Art(thumb))">$INFO[ListItem.Art(thumb)]</value>
    </variable>



    <variable name="Image_Banner">
        <value condition="!String.IsEmpty(ListItem.Art(banner))">$INFO[ListItem.Art(banner)]</value>
        <value condition="!String.IsEmpty(ListItem.Art(tvshow.banner))">$INFO[ListItem.Art(tvshow.banner)]</value>
        <value>$VAR[Image_Fanart]</value>
    </variable>


    <variable name="Image_RSS_Icon">
        <value condition="Player.HasMedia + Player.Paused">common/pause.png</value>
        <value condition="Player.HasMedia + !Player.Paused">common/play.png</value>
        <value condition="!String.IsEmpty(Window(Home).Property(NextAired.NextDate))">common/nextaired.png</value>
        <value condition="String.IsEmpty(Window(Home).Property(NextAired.NextDate)) + !String.IsEmpty(Window(Home).Property(NextAired.LatestTitle))">common/nextaired.png</value>
    </variable>

    <variable name="Image_Background">
        <value condition="Window.IsVisible(LoginScreen.xml)">special://skin/extras/backgrounds/login.jpg</value>
        <value condition="Window.IsVisible(weather) + System.HasAddon(resource.images.weatherfanart.multi)">$INFO[Window(Weather).Property(Current.FanartCode),resource://resource.images.weatherfanart.multi/,]/</value>
        <value condition="Window.IsVisible(home) + [String.IsEqual(Container(9000).ListItem.Property(widget),Weather) | [String.IsEmpty(Container(9000).ListItem.Property(widget)) + [String.IsEqual(Skin.String(home.fallbackwidget),Weather) | String.IsEqual(Skin.String(home.fallbackwidget.node),Weather)]]] + System.HasAddon(resource.images.weatherfanart.multi)">$INFO[Container(9001).ListItem.FileNameAndPath]</value>
        <value condition="Window.IsVisible(home) + String.IsEqual(Container(9000).ListItem.Property(widgetTarget),pictures) + !String.IsEmpty(Container(9001).ListItem.Icon)">$INFO[Container(9001).ListItem.FileNameAndPath]</value>
        <value condition="Window.IsVisible(home) + !String.IsEmpty(Container(9001).ListItem.Art(fanart))">$INFO[Container(9001).ListItem.Art(fanart)]</value>
        <value condition="Window.IsVisible(home) + String.IsEqual(Container(9000).ListItem.Property(background),playlistBackground)">$INFO[Container(9988).ListItem.Art(fanart)]</value>
        <value condition="Window.IsVisible(home) + !String.IsEmpty(Container(9000).ListItem.Property(Background))">$INFO[Container(9000).ListItem.Property(Background)]</value>
        <value condition="Window.IsVisible(home) + Integer.IsGreater(Container(9000).NumItems,0) + String.IsEqual(Skin.String(home.fallbackwidget.target),pictures) + !String.IsEmpty(Container(9001).ListItem.Icon) + String.IsEmpty(Container(9000).ListItem.Property(widget))">$INFO[Container(9001).ListItem.FileNameAndPath]</value>
        <value condition="Window.IsVisible(home) + String.IsEmpty(Skin.String(background.fallback))">special://skin/extras/backgrounds/home.jpg</value>
        <value condition="Window.IsVisible(home) + !String.IsEmpty(Skin.String(background.fallback))">$INFO[Skin.String(background.fallback)]</value>

        <value condition="Skin.HasSetting(background.hidefanart) + String.IsEmpty(Skin.String(background.fallback))">common/black.png</value>
        <value condition="Skin.HasSetting(background.hidefanart) + !String.IsEmpty(Skin.String(background.fallback))">$INFO[Skin.String(background.fallback)]</value>
        <value condition="!String.IsEmpty(Container(9500).ListItem.Art(fanart)) + !Skin.HasSetting(global.fanart)">$INFO[Container(9500).ListItem.Art(fanart)]</value>

        <value condition="!String.IsEmpty(ListItem.Art(fanart)) + !Skin.HasSetting(global.fanart)">$INFO[ListItem.Art(fanart)]</value>
        <value condition="!String.IsEmpty(Window(home).Property(TMDBbHelper.ListItem.Fanart)) + !Skin.HasSetting(global.fanart)">$INFO[Window(home).Property(TMDBbHelper.ListItem.Fanart)]</value>

        <value condition="!String.IsEmpty(Skin.String(background.fallback))">$INFO[Skin.String(background.fallback)]</value>
        
        <value>common/black.png</value>
    </variable>

    <variable name="Image_Indicator">
        <value condition="ListItem.IsRecording">indicator/record.png</value>
        <value condition="ListItem.IsPlaying">indicator/play.png</value>
        <value condition="ListItem.IsResumable + Integer.IsGreater(ListItem.PercentPlayed,66)">indicator/inprogress-75.png</value>
        <value condition="ListItem.IsResumable + Integer.IsGreater(ListItem.PercentPlayed,33)">indicator/inprogress-50.png</value>
        <value condition="ListItem.IsResumable">indicator/inprogress-25.png</value>
        <value condition="ListItem.IsCollection">indicator/set.png</value>
        <value condition="ListItem.IsFolder + String.String.IsEmpty(Listitem.dbtype) + !String.IsEqual(ListItem.Overlay,OverlayWatched.png) + !ListItem.IsParentFolder">indicator/folder.png</value>
        <value condition="String.IsEqual(ListItem.Overlay,OverlayWatched.png)">indicator/checkmark.png</value>
        <value condition="[String.Contains(ListItem.Overlay,OverlayUnwatched.png) + [[Container.Content(movies) + [String.IsEqual(Window(Home).Property(LatestMovie.1.Title),ListItem.Label) | String.IsEqual(Window(Home).Property(LatestMovie.2.Title),ListItem.Label) | String.IsEqual(Window(Home).Property(LatestMovie.3.Title),ListItem.Label) | String.IsEqual(Window(Home).Property(LatestMovie.4.Title),ListItem.Label) | String.IsEqual(Window(Home).Property(LatestMovie.5.Title),ListItem.Label) | String.IsEqual(Window(Home).Property(LatestMovie.6.Title),ListItem.Label) | String.IsEqual(Window(Home).Property(LatestMovie.7.Title),ListItem.Label) | String.IsEqual(Window(Home).Property(LatestMovie.8.Title),ListItem.Label) | String.IsEqual(Window(Home).Property(LatestMovie.9.Title),ListItem.Label) | String.IsEqual(Window(Home).Property(LatestMovie.10.Title),ListItem.Label)]] | [[Container.Content(tvshows)] + [String.IsEqual(Window(Home).Property(LatestEpisode.1.ShowTitle),ListItem.TvShowTitle) | String.IsEqual(Window(Home).Property(LatestEpisode.2.ShowTitle),ListItem.TvShowTitle) | String.IsEqual(Window(Home).Property(LatestEpisode.3.ShowTitle),ListItem.TvShowTitle) | String.IsEqual(Window(Home).Property(LatestEpisode.4.ShowTitle),ListItem.TvShowTitle) | String.IsEqual(Window(Home).Property(LatestEpisode.5.ShowTitle),ListItem.TvShowTitle) | String.IsEqual(Window(Home).Property(LatestEpisode.6.ShowTitle),ListItem.TvShowTitle) | String.IsEqual(Window(Home).Property(LatestEpisode.7.ShowTitle),ListItem.TvShowTitle) | String.IsEqual(Window(Home).Property(LatestEpisode.8.ShowTitle),ListItem.TvShowTitle) | String.IsEqual(Window(Home).Property(LatestEpisode.9.ShowTitle),ListItem.TvShowTitle) | String.IsEqual(Window(Home).Property(LatestEpisode.10.ShowTitle),ListItem.TvShowTitle)]] | [Container.Content(episodes) + [String.IsEqual(Window(Home).Property(LatestEpisode.1.EpisodeTitle),ListItem.Title) | String.IsEqual(Window(Home).Property(LatestEpisode.2.EpisodeTitle),ListItem.Title) | String.IsEqual(Window(Home).Property(LatestEpisode.3.EpisodeTitle),ListItem.Title) | String.IsEqual(Window(Home).Property(LatestEpisode.4.EpisodeTitle),ListItem.Title) | String.IsEqual(Window(Home).Property(LatestEpisode.5.EpisodeTitle),ListItem.Title) | String.IsEqual(Window(Home).Property(LatestEpisode.6.EpisodeTitle),ListItem.Title) | String.IsEqual(Window(Home).Property(LatestEpisode.7.EpisodeTitle),ListItem.Title) | String.IsEqual(Window(Home).Property(LatestEpisode.8.EpisodeTitle),ListItem.Title) | String.IsEqual(Window(Home).Property(LatestEpisode.9.EpisodeTitle),ListItem.Title) | String.IsEqual(Window(Home).Property(LatestEpisode.10.EpisodeTitle),ListItem.Title)]]]]">indicator/new.png</value>
    </variable>

    <variable name="Image_Indicator_List">
        <value condition="ListItem.IsRecording">indicator/record.png</value>
        <value condition="ListItem.IsPlaying">indicator/play.png</value>
        <value condition="ListItem.IsResumable + Integer.IsGreater(ListItem.PercentPlayed,66)">indicator/inprogress-75.png</value>
        <value condition="ListItem.IsResumable + Integer.IsGreater(ListItem.PercentPlayed,33)">indicator/inprogress-50.png</value>
        <value condition="ListItem.IsResumable">indicator/inprogress-25.png</value>
        <value condition="ListItem.IsCollection">indicator/set.png</value>
        <value condition="ListItem.IsFolder + String.String.IsEmpty(Listitem.dbtype) + !String.IsEqual(ListItem.Overlay,OverlayWatched.png) + !ListItem.IsParentFolder">indicator/folder.png</value>
        <value condition="String.IsEqual(ListItem.Overlay,OverlayWatched.png)">indicator/checkmark.png</value>
        <value condition="[String.Contains(ListItem.Overlay,OverlayUnwatched.png) + [[Container.Content(movies) + [String.IsEqual(Window(Home).Property(LatestMovie.1.Title),ListItem.Label) | String.IsEqual(Window(Home).Property(LatestMovie.2.Title),ListItem.Label) | String.IsEqual(Window(Home).Property(LatestMovie.3.Title),ListItem.Label) | String.IsEqual(Window(Home).Property(LatestMovie.4.Title),ListItem.Label) | String.IsEqual(Window(Home).Property(LatestMovie.5.Title),ListItem.Label) | String.IsEqual(Window(Home).Property(LatestMovie.6.Title),ListItem.Label) | String.IsEqual(Window(Home).Property(LatestMovie.7.Title),ListItem.Label) | String.IsEqual(Window(Home).Property(LatestMovie.8.Title),ListItem.Label) | String.IsEqual(Window(Home).Property(LatestMovie.9.Title),ListItem.Label) | String.IsEqual(Window(Home).Property(LatestMovie.10.Title),ListItem.Label)]] | [[Container.Content(tvshows)] + [String.IsEqual(Window(Home).Property(LatestEpisode.1.ShowTitle),ListItem.TvShowTitle) | String.IsEqual(Window(Home).Property(LatestEpisode.2.ShowTitle),ListItem.TvShowTitle) | String.IsEqual(Window(Home).Property(LatestEpisode.3.ShowTitle),ListItem.TvShowTitle) | String.IsEqual(Window(Home).Property(LatestEpisode.4.ShowTitle),ListItem.TvShowTitle) | String.IsEqual(Window(Home).Property(LatestEpisode.5.ShowTitle),ListItem.TvShowTitle) | String.IsEqual(Window(Home).Property(LatestEpisode.6.ShowTitle),ListItem.TvShowTitle) | String.IsEqual(Window(Home).Property(LatestEpisode.7.ShowTitle),ListItem.TvShowTitle) | String.IsEqual(Window(Home).Property(LatestEpisode.8.ShowTitle),ListItem.TvShowTitle) | String.IsEqual(Window(Home).Property(LatestEpisode.9.ShowTitle),ListItem.TvShowTitle) | String.IsEqual(Window(Home).Property(LatestEpisode.10.ShowTitle),ListItem.TvShowTitle)]] | [Container.Content(episodes) + [String.IsEqual(Window(Home).Property(LatestEpisode.1.EpisodeTitle),ListItem.Title) | String.IsEqual(Window(Home).Property(LatestEpisode.2.EpisodeTitle),ListItem.Title) | String.IsEqual(Window(Home).Property(LatestEpisode.3.EpisodeTitle),ListItem.Title) | String.IsEqual(Window(Home).Property(LatestEpisode.4.EpisodeTitle),ListItem.Title) | String.IsEqual(Window(Home).Property(LatestEpisode.5.EpisodeTitle),ListItem.Title) | String.IsEqual(Window(Home).Property(LatestEpisode.6.EpisodeTitle),ListItem.Title) | String.IsEqual(Window(Home).Property(LatestEpisode.7.EpisodeTitle),ListItem.Title) | String.IsEqual(Window(Home).Property(LatestEpisode.8.EpisodeTitle),ListItem.Title) | String.IsEqual(Window(Home).Property(LatestEpisode.9.EpisodeTitle),ListItem.Title) | String.IsEqual(Window(Home).Property(LatestEpisode.10.EpisodeTitle),ListItem.Title)]]]]">indicator/new.png</value>
        <value condition="String.IsEqual(ListItem.Overlay,OverlayUnwatched.png) + !ListItem.IsParentFolder">indicator/unwatched.png</value>
    </variable>

    <variable name="Image_Overlay">
        <value condition="ListItem.IsPlaying">indicator/play.png</value>
        <value condition="!Skin.HasSetting(Indicator.Resume) + ListItem.IsResumable + Integer.IsGreater(ListItem.PercentPlayed,66)">indicator/inprogress-75.png</value>
        <value condition="!Skin.HasSetting(Indicator.Resume) + ListItem.IsResumable + Integer.IsGreater(ListItem.PercentPlayed,33)">indicator/inprogress-50.png</value>
        <value condition="!Skin.HasSetting(Indicator.Resume) + ListItem.IsResumable">indicator/inprogress-25.png</value>
        <value condition="!Skin.HasSetting(Indicator.Watched) + String.IsEqual(ListItem.Overlay,OverlayWatched.png)">indicator/checkmark.png</value>
        <value condition="Skin.HasSetting(Indicator.UnwatchedEpisodes) + Integer.IsGreater(ListItem.Property(UnWatchedEpisodes),0) + [Container.Content(tvshows) | Container.Content(seasons)]"></value>
        <value condition="!Skin.HasSetting(Indicator.New) + [String.StartsWith(ListItem.Overlay,OverlayUnwatched.png) + [[Container.Content(movies) + [String.IsEqual(Window(Home).Property(LatestMovie.1.Title),ListItem.Label) | String.IsEqual(Window(Home).Property(LatestMovie.2.Title),ListItem.Label) | String.IsEqual(Window(Home).Property(LatestMovie.3.Title),ListItem.Label) | String.IsEqual(Window(Home).Property(LatestMovie.4.Title),ListItem.Label) | String.IsEqual(Window(Home).Property(LatestMovie.5.Title),ListItem.Label) | String.IsEqual(Window(Home).Property(LatestMovie.6.Title),ListItem.Label) | String.IsEqual(Window(Home).Property(LatestMovie.7.Title),ListItem.Label) | String.IsEqual(Window(Home).Property(LatestMovie.8.Title),ListItem.Label) | String.IsEqual(Window(Home).Property(LatestMovie.9.Title),ListItem.Label) | String.IsEqual(Window(Home).Property(LatestMovie.10.Title),ListItem.Label)]] | [[Container.Content(tvshows)] + [String.IsEqual(Window(Home).Property(LatestEpisode.1.ShowTitle),ListItem.TvShowTitle) | String.IsEqual(Window(Home).Property(LatestEpisode.2.ShowTitle),ListItem.TvShowTitle) | String.IsEqual(Window(Home).Property(LatestEpisode.3.ShowTitle),ListItem.TvShowTitle) | String.IsEqual(Window(Home).Property(LatestEpisode.4.ShowTitle),ListItem.TvShowTitle) | String.IsEqual(Window(Home).Property(LatestEpisode.5.ShowTitle),ListItem.TvShowTitle) | String.IsEqual(Window(Home).Property(LatestEpisode.6.ShowTitle),ListItem.TvShowTitle) | String.IsEqual(Window(Home).Property(LatestEpisode.7.ShowTitle),ListItem.TvShowTitle) | String.IsEqual(Window(Home).Property(LatestEpisode.8.ShowTitle),ListItem.TvShowTitle) | String.IsEqual(Window(Home).Property(LatestEpisode.9.ShowTitle),ListItem.TvShowTitle) | String.IsEqual(Window(Home).Property(LatestEpisode.10.ShowTitle),ListItem.TvShowTitle)]] | [Container.Content(episodes) + [String.IsEqual(Window(Home).Property(LatestEpisode.1.EpisodeTitle),ListItem.Title) | String.IsEqual(Window(Home).Property(LatestEpisode.2.EpisodeTitle),ListItem.Title) | String.IsEqual(Window(Home).Property(LatestEpisode.3.EpisodeTitle),ListItem.Title) | String.IsEqual(Window(Home).Property(LatestEpisode.4.EpisodeTitle),ListItem.Title) | String.IsEqual(Window(Home).Property(LatestEpisode.5.EpisodeTitle),ListItem.Title) | String.IsEqual(Window(Home).Property(LatestEpisode.6.EpisodeTitle),ListItem.Title) | String.IsEqual(Window(Home).Property(LatestEpisode.7.EpisodeTitle),ListItem.Title) | String.IsEqual(Window(Home).Property(LatestEpisode.8.EpisodeTitle),ListItem.Title) | String.IsEqual(Window(Home).Property(LatestEpisode.9.EpisodeTitle),ListItem.Title) | String.IsEqual(Window(Home).Property(LatestEpisode.10.EpisodeTitle),ListItem.Title)]]]]">indicator/new.png</value>
        <value condition="Window.IsVisible(DialogVideoInfo.xml) + !String.IsEmpty(ListItem.DBID)">indicator/library.png</value>
        <value condition="ListItem.IsCollection">indicator/movieset.png</value>
    </variable>
    <variable name="Image_Overlay_Corner">
        <value condition="Window.IsVisible(DialogVideoInfo.xml) + !String.IsEmpty(ListItem.DBID)">indicator/corner.png</value>
        <value condition="ListItem.IsPlaying">indicator/corner.png</value>
        <value condition="!Skin.HasSetting(Indicator.Resume) + ListItem.IsResumable">indicator/corner.png</value>
        <value condition="!Skin.HasSetting(Indicator.Watched) + String.IsEqual(ListItem.Overlay,OverlayWatched.png)">indicator/corner.png</value>
        <value condition="Skin.HasSetting(Indicator.UnwatchedEpisodes) + Integer.IsGreater(ListItem.Property(UnWatchedEpisodes),0) + [Container.Content(tvshows) | Container.Content(seasons)]">indicator/corner.png</value>
        <value condition="!Skin.HasSetting(Indicator.New) + [String.StartsWith(ListItem.Overlay,OverlayUnwatched.png) + [[Container.Content(movies) + [String.IsEqual(Window(Home).Property(LatestMovie.1.Title),ListItem.Label) | String.IsEqual(Window(Home).Property(LatestMovie.2.Title),ListItem.Label) | String.IsEqual(Window(Home).Property(LatestMovie.3.Title),ListItem.Label) | String.IsEqual(Window(Home).Property(LatestMovie.4.Title),ListItem.Label) | String.IsEqual(Window(Home).Property(LatestMovie.5.Title),ListItem.Label) | String.IsEqual(Window(Home).Property(LatestMovie.6.Title),ListItem.Label) | String.IsEqual(Window(Home).Property(LatestMovie.7.Title),ListItem.Label) | String.IsEqual(Window(Home).Property(LatestMovie.8.Title),ListItem.Label) | String.IsEqual(Window(Home).Property(LatestMovie.9.Title),ListItem.Label) | String.IsEqual(Window(Home).Property(LatestMovie.10.Title),ListItem.Label)]] | [[Container.Content(tvshows)] + [String.IsEqual(Window(Home).Property(LatestEpisode.1.ShowTitle),ListItem.TvShowTitle) | String.IsEqual(Window(Home).Property(LatestEpisode.2.ShowTitle),ListItem.TvShowTitle) | String.IsEqual(Window(Home).Property(LatestEpisode.3.ShowTitle),ListItem.TvShowTitle) | String.IsEqual(Window(Home).Property(LatestEpisode.4.ShowTitle),ListItem.TvShowTitle) | String.IsEqual(Window(Home).Property(LatestEpisode.5.ShowTitle),ListItem.TvShowTitle) | String.IsEqual(Window(Home).Property(LatestEpisode.6.ShowTitle),ListItem.TvShowTitle) | String.IsEqual(Window(Home).Property(LatestEpisode.7.ShowTitle),ListItem.TvShowTitle) | String.IsEqual(Window(Home).Property(LatestEpisode.8.ShowTitle),ListItem.TvShowTitle) | String.IsEqual(Window(Home).Property(LatestEpisode.9.ShowTitle),ListItem.TvShowTitle) | String.IsEqual(Window(Home).Property(LatestEpisode.10.ShowTitle),ListItem.TvShowTitle)]] | [Container.Content(episodes) + [String.IsEqual(Window(Home).Property(LatestEpisode.1.EpisodeTitle),ListItem.Title) | String.IsEqual(Window(Home).Property(LatestEpisode.2.EpisodeTitle),ListItem.Title) | String.IsEqual(Window(Home).Property(LatestEpisode.3.EpisodeTitle),ListItem.Title) | String.IsEqual(Window(Home).Property(LatestEpisode.4.EpisodeTitle),ListItem.Title) | String.IsEqual(Window(Home).Property(LatestEpisode.5.EpisodeTitle),ListItem.Title) | String.IsEqual(Window(Home).Property(LatestEpisode.6.EpisodeTitle),ListItem.Title) | String.IsEqual(Window(Home).Property(LatestEpisode.7.EpisodeTitle),ListItem.Title) | String.IsEqual(Window(Home).Property(LatestEpisode.8.EpisodeTitle),ListItem.Title) | String.IsEqual(Window(Home).Property(LatestEpisode.9.EpisodeTitle),ListItem.Title) | String.IsEqual(Window(Home).Property(LatestEpisode.10.EpisodeTitle),ListItem.Title)]]]]">indicator/corner.png</value>
        <value condition="ListItem.IsCollection">indicator/corner.png</value>
    </variable>

    <variable name="Image_Overlay-1">
        <value condition="ListItem(-1).IsPlaying">indicator/play.png</value>
        <value condition="!Skin.HasSetting(Indicator.Resume) + ListItem(-1).IsResumable + Integer.IsGreater(ListItem(-1).PercentPlayed,66)">indicator/inprogress-75.png</value>
        <value condition="!Skin.HasSetting(Indicator.Resume) + ListItem(-1).IsResumable + Integer.IsGreater(ListItem(-1).PercentPlayed,33)">indicator/inprogress-50.png</value>
        <value condition="!Skin.HasSetting(Indicator.Resume) + ListItem(-1).IsResumable">indicator/inprogress-25.png</value>
        <value condition="!Skin.HasSetting(Indicator.Watched) + String.IsEqual(ListItem(-1).Overlay,OverlayWatched.png)">indicator/checkmark.png</value>
        <value condition="!Skin.HasSetting(Indicator.New) + [String.StartsWith(ListItem(-1).Overlay,OverlayUnwatched.png) + [[Container.Content(movies) + [String.IsEqual(Window(Home).Property(LatestMovie.1.Title),ListItem(-1).Label) | String.IsEqual(Window(Home).Property(LatestMovie.2.Title),ListItem(-1).Label) | String.IsEqual(Window(Home).Property(LatestMovie.3.Title),ListItem(-1).Label) | String.IsEqual(Window(Home).Property(LatestMovie.4.Title),ListItem(-1).Label) | String.IsEqual(Window(Home).Property(LatestMovie.5.Title),ListItem(-1).Label) | String.IsEqual(Window(Home).Property(LatestMovie.6.Title),ListItem(-1).Label) | String.IsEqual(Window(Home).Property(LatestMovie.7.Title),ListItem(-1).Label) | String.IsEqual(Window(Home).Property(LatestMovie.8.Title),ListItem(-1).Label) | String.IsEqual(Window(Home).Property(LatestMovie.9.Title),ListItem(-1).Label) | String.IsEqual(Window(Home).Property(LatestMovie.10.Title),ListItem(-1).Label)]] | [[Container.Content(tvshows)] + [String.IsEqual(Window(Home).Property(LatestEpisode.1.ShowTitle),ListItem(-1).TvShowTitle) | String.IsEqual(Window(Home).Property(LatestEpisode.2.ShowTitle),ListItem(-1).TvShowTitle) | String.IsEqual(Window(Home).Property(LatestEpisode.3.ShowTitle),ListItem(-1).TvShowTitle) | String.IsEqual(Window(Home).Property(LatestEpisode.4.ShowTitle),ListItem(-1).TvShowTitle) | String.IsEqual(Window(Home).Property(LatestEpisode.5.ShowTitle),ListItem(-1).TvShowTitle) | String.IsEqual(Window(Home).Property(LatestEpisode.6.ShowTitle),ListItem(-1).TvShowTitle) | String.IsEqual(Window(Home).Property(LatestEpisode.7.ShowTitle),ListItem(-1).TvShowTitle) | String.IsEqual(Window(Home).Property(LatestEpisode.8.ShowTitle),ListItem(-1).TvShowTitle) | String.IsEqual(Window(Home).Property(LatestEpisode.9.ShowTitle),ListItem(-1).TvShowTitle) | String.IsEqual(Window(Home).Property(LatestEpisode.10.ShowTitle),ListItem(-1).TvShowTitle)]] | [Container.Content(episodes) + [String.IsEqual(Window(Home).Property(LatestEpisode.1.EpisodeTitle),ListItem(-1).Title) | String.IsEqual(Window(Home).Property(LatestEpisode.2.EpisodeTitle),ListItem(-1).Title) | String.IsEqual(Window(Home).Property(LatestEpisode.3.EpisodeTitle),ListItem(-1).Title) | String.IsEqual(Window(Home).Property(LatestEpisode.4.EpisodeTitle),ListItem(-1).Title) | String.IsEqual(Window(Home).Property(LatestEpisode.5.EpisodeTitle),ListItem(-1).Title) | String.IsEqual(Window(Home).Property(LatestEpisode.6.EpisodeTitle),ListItem(-1).Title) | String.IsEqual(Window(Home).Property(LatestEpisode.7.EpisodeTitle),ListItem(-1).Title) | String.IsEqual(Window(Home).Property(LatestEpisode.8.EpisodeTitle),ListItem(-1).Title) | String.IsEqual(Window(Home).Property(LatestEpisode.9.EpisodeTitle),ListItem(-1).Title) | String.IsEqual(Window(Home).Property(LatestEpisode.10.EpisodeTitle),ListItem(-1).Title)]]]]">indicator/new.png</value>
        <value condition="Window.IsVisible(DialogVideoInfo.xml) + !String.IsEmpty(ListItem(-1).DBID)">indicator/library.png</value>
        <value condition="ListItem(-1).IsCollection">indicator/movieset.png</value>
    </variable>
    <variable name="Image_Overlay_Corner-1">
        <value condition="Window.IsVisible(DialogVideoInfo.xml) + !String.IsEmpty(ListItem(-1).DBID)">indicator/corner.png</value>
        <value condition="ListItem(-1).IsPlaying">indicator/corner.png</value>
        <value condition="!Skin.HasSetting(Indicator.Resume) + ListItem(-1).IsResumable">indicator/corner.png</value>
        <value condition="!Skin.HasSetting(Indicator.Watched) + String.IsEqual(ListItem(-1).Overlay,OverlayWatched.png)">indicator/corner.png</value>
        <value condition="!Skin.HasSetting(Indicator.New) + [String.StartsWith(ListItem(-1).Overlay,OverlayUnwatched.png) + [[Container.Content(movies) + [String.IsEqual(Window(Home).Property(LatestMovie.1.Title),ListItem(-1).Label) | String.IsEqual(Window(Home).Property(LatestMovie.2.Title),ListItem(-1).Label) | String.IsEqual(Window(Home).Property(LatestMovie.3.Title),ListItem(-1).Label) | String.IsEqual(Window(Home).Property(LatestMovie.4.Title),ListItem(-1).Label) | String.IsEqual(Window(Home).Property(LatestMovie.5.Title),ListItem(-1).Label) | String.IsEqual(Window(Home).Property(LatestMovie.6.Title),ListItem(-1).Label) | String.IsEqual(Window(Home).Property(LatestMovie.7.Title),ListItem(-1).Label) | String.IsEqual(Window(Home).Property(LatestMovie.8.Title),ListItem(-1).Label) | String.IsEqual(Window(Home).Property(LatestMovie.9.Title),ListItem(-1).Label) | String.IsEqual(Window(Home).Property(LatestMovie.10.Title),ListItem(-1).Label)]] | [[Container.Content(tvshows)] + [String.IsEqual(Window(Home).Property(LatestEpisode.1.ShowTitle),ListItem(-1).TvShowTitle) | String.IsEqual(Window(Home).Property(LatestEpisode.2.ShowTitle),ListItem(-1).TvShowTitle) | String.IsEqual(Window(Home).Property(LatestEpisode.3.ShowTitle),ListItem(-1).TvShowTitle) | String.IsEqual(Window(Home).Property(LatestEpisode.4.ShowTitle),ListItem(-1).TvShowTitle) | String.IsEqual(Window(Home).Property(LatestEpisode.5.ShowTitle),ListItem(-1).TvShowTitle) | String.IsEqual(Window(Home).Property(LatestEpisode.6.ShowTitle),ListItem(-1).TvShowTitle) | String.IsEqual(Window(Home).Property(LatestEpisode.7.ShowTitle),ListItem(-1).TvShowTitle) | String.IsEqual(Window(Home).Property(LatestEpisode.8.ShowTitle),ListItem(-1).TvShowTitle) | String.IsEqual(Window(Home).Property(LatestEpisode.9.ShowTitle),ListItem(-1).TvShowTitle) | String.IsEqual(Window(Home).Property(LatestEpisode.10.ShowTitle),ListItem(-1).TvShowTitle)]] | [Container.Content(episodes) + [String.IsEqual(Window(Home).Property(LatestEpisode.1.EpisodeTitle),ListItem(-1).Title) | String.IsEqual(Window(Home).Property(LatestEpisode.2.EpisodeTitle),ListItem(-1).Title) | String.IsEqual(Window(Home).Property(LatestEpisode.3.EpisodeTitle),ListItem(-1).Title) | String.IsEqual(Window(Home).Property(LatestEpisode.4.EpisodeTitle),ListItem(-1).Title) | String.IsEqual(Window(Home).Property(LatestEpisode.5.EpisodeTitle),ListItem(-1).Title) | String.IsEqual(Window(Home).Property(LatestEpisode.6.EpisodeTitle),ListItem(-1).Title) | String.IsEqual(Window(Home).Property(LatestEpisode.7.EpisodeTitle),ListItem(-1).Title) | String.IsEqual(Window(Home).Property(LatestEpisode.8.EpisodeTitle),ListItem(-1).Title) | String.IsEqual(Window(Home).Property(LatestEpisode.9.EpisodeTitle),ListItem(-1).Title) | String.IsEqual(Window(Home).Property(LatestEpisode.10.EpisodeTitle),ListItem(-1).Title)]]]]">indicator/corner.png</value>
        <value condition="ListItem(-1).IsCollection">indicator/corner.png</value>
    </variable>

    <variable name="Image_Overlay1">
        <value condition="ListItem(1).IsPlaying">indicator/play.png</value>
        <value condition="!Skin.HasSetting(Indicator.Resume) + ListItem(1).IsResumable + Integer.IsGreater(ListItem(1).PercentPlayed,66)">indicator/inprogress-75.png</value>
        <value condition="!Skin.HasSetting(Indicator.Resume) + ListItem(1).IsResumable + Integer.IsGreater(ListItem(1).PercentPlayed,33)">indicator/inprogress-50.png</value>
        <value condition="!Skin.HasSetting(Indicator.Resume) + ListItem(1).IsResumable">indicator/inprogress-25.png</value>
        <value condition="!Skin.HasSetting(Indicator.Watched) + String.IsEqual(ListItem(1).Overlay,OverlayWatched.png)">indicator/checkmark.png</value>
        <value condition="!Skin.HasSetting(Indicator.New) + [String.StartsWith(ListItem(1).Overlay,OverlayUnwatched.png) + [[Container.Content(movies) + [String.IsEqual(Window(Home).Property(LatestMovie.1.Title),ListItem(1).Label) | String.IsEqual(Window(Home).Property(LatestMovie.2.Title),ListItem(1).Label) | String.IsEqual(Window(Home).Property(LatestMovie.3.Title),ListItem(1).Label) | String.IsEqual(Window(Home).Property(LatestMovie.4.Title),ListItem(1).Label) | String.IsEqual(Window(Home).Property(LatestMovie.5.Title),ListItem(1).Label) | String.IsEqual(Window(Home).Property(LatestMovie.6.Title),ListItem(1).Label) | String.IsEqual(Window(Home).Property(LatestMovie.7.Title),ListItem(1).Label) | String.IsEqual(Window(Home).Property(LatestMovie.8.Title),ListItem(1).Label) | String.IsEqual(Window(Home).Property(LatestMovie.9.Title),ListItem(1).Label) | String.IsEqual(Window(Home).Property(LatestMovie.10.Title),ListItem(1).Label)]] | [[Container.Content(tvshows)] + [String.IsEqual(Window(Home).Property(LatestEpisode.1.ShowTitle),ListItem(1).TvShowTitle) | String.IsEqual(Window(Home).Property(LatestEpisode.2.ShowTitle),ListItem(1).TvShowTitle) | String.IsEqual(Window(Home).Property(LatestEpisode.3.ShowTitle),ListItem(1).TvShowTitle) | String.IsEqual(Window(Home).Property(LatestEpisode.4.ShowTitle),ListItem(1).TvShowTitle) | String.IsEqual(Window(Home).Property(LatestEpisode.5.ShowTitle),ListItem(1).TvShowTitle) | String.IsEqual(Window(Home).Property(LatestEpisode.6.ShowTitle),ListItem(1).TvShowTitle) | String.IsEqual(Window(Home).Property(LatestEpisode.7.ShowTitle),ListItem(1).TvShowTitle) | String.IsEqual(Window(Home).Property(LatestEpisode.8.ShowTitle),ListItem(1).TvShowTitle) | String.IsEqual(Window(Home).Property(LatestEpisode.9.ShowTitle),ListItem(1).TvShowTitle) | String.IsEqual(Window(Home).Property(LatestEpisode.10.ShowTitle),ListItem(1).TvShowTitle)]] | [Container.Content(episodes) + [String.IsEqual(Window(Home).Property(LatestEpisode.1.EpisodeTitle),ListItem(1).Title) | String.IsEqual(Window(Home).Property(LatestEpisode.2.EpisodeTitle),ListItem(1).Title) | String.IsEqual(Window(Home).Property(LatestEpisode.3.EpisodeTitle),ListItem(1).Title) | String.IsEqual(Window(Home).Property(LatestEpisode.4.EpisodeTitle),ListItem(1).Title) | String.IsEqual(Window(Home).Property(LatestEpisode.5.EpisodeTitle),ListItem(1).Title) | String.IsEqual(Window(Home).Property(LatestEpisode.6.EpisodeTitle),ListItem(1).Title) | String.IsEqual(Window(Home).Property(LatestEpisode.7.EpisodeTitle),ListItem(1).Title) | String.IsEqual(Window(Home).Property(LatestEpisode.8.EpisodeTitle),ListItem(1).Title) | String.IsEqual(Window(Home).Property(LatestEpisode.9.EpisodeTitle),ListItem(1).Title) | String.IsEqual(Window(Home).Property(LatestEpisode.10.EpisodeTitle),ListItem(1).Title)]]]]">indicator/new.png</value>
        <value condition="Window.IsVisible(DialogVideoInfo.xml) + !String.IsEmpty(ListItem(1).DBID)">indicator/library.png</value>
        <value condition="ListItem(1).IsCollection">indicator/movieset.png</value>
    </variable>
    <variable name="Image_Overlay_Corner1">
        <value condition="Window.IsVisible(DialogVideoInfo.xml) + !String.IsEmpty(ListItem(1).DBID)">indicator/corner.png</value>
        <value condition="ListItem(1).IsPlaying">indicator/corner.png</value>
        <value condition="!Skin.HasSetting(Indicator.Resume) + ListItem(1).IsResumable">indicator/corner.png</value>
        <value condition="!Skin.HasSetting(Indicator.Watched) + String.IsEqual(ListItem(1).Overlay,OverlayWatched.png)">indicator/corner.png</value>
        <value condition="!Skin.HasSetting(Indicator.New) + [String.StartsWith(ListItem(1).Overlay,OverlayUnwatched.png) + [[Container.Content(movies) + [String.IsEqual(Window(Home).Property(LatestMovie.1.Title),ListItem(1).Label) | String.IsEqual(Window(Home).Property(LatestMovie.2.Title),ListItem(1).Label) | String.IsEqual(Window(Home).Property(LatestMovie.3.Title),ListItem(1).Label) | String.IsEqual(Window(Home).Property(LatestMovie.4.Title),ListItem(1).Label) | String.IsEqual(Window(Home).Property(LatestMovie.5.Title),ListItem(1).Label) | String.IsEqual(Window(Home).Property(LatestMovie.6.Title),ListItem(1).Label) | String.IsEqual(Window(Home).Property(LatestMovie.7.Title),ListItem(1).Label) | String.IsEqual(Window(Home).Property(LatestMovie.8.Title),ListItem(1).Label) | String.IsEqual(Window(Home).Property(LatestMovie.9.Title),ListItem(1).Label) | String.IsEqual(Window(Home).Property(LatestMovie.10.Title),ListItem(1).Label)]] | [[Container.Content(tvshows)] + [String.IsEqual(Window(Home).Property(LatestEpisode.1.ShowTitle),ListItem(1).TvShowTitle) | String.IsEqual(Window(Home).Property(LatestEpisode.2.ShowTitle),ListItem(1).TvShowTitle) | String.IsEqual(Window(Home).Property(LatestEpisode.3.ShowTitle),ListItem(1).TvShowTitle) | String.IsEqual(Window(Home).Property(LatestEpisode.4.ShowTitle),ListItem(1).TvShowTitle) | String.IsEqual(Window(Home).Property(LatestEpisode.5.ShowTitle),ListItem(1).TvShowTitle) | String.IsEqual(Window(Home).Property(LatestEpisode.6.ShowTitle),ListItem(1).TvShowTitle) | String.IsEqual(Window(Home).Property(LatestEpisode.7.ShowTitle),ListItem(1).TvShowTitle) | String.IsEqual(Window(Home).Property(LatestEpisode.8.ShowTitle),ListItem(1).TvShowTitle) | String.IsEqual(Window(Home).Property(LatestEpisode.9.ShowTitle),ListItem(1).TvShowTitle) | String.IsEqual(Window(Home).Property(LatestEpisode.10.ShowTitle),ListItem(1).TvShowTitle)]] | [Container.Content(episodes) + [String.IsEqual(Window(Home).Property(LatestEpisode.1.EpisodeTitle),ListItem(1).Title) | String.IsEqual(Window(Home).Property(LatestEpisode.2.EpisodeTitle),ListItem(1).Title) | String.IsEqual(Window(Home).Property(LatestEpisode.3.EpisodeTitle),ListItem(1).Title) | String.IsEqual(Window(Home).Property(LatestEpisode.4.EpisodeTitle),ListItem(1).Title) | String.IsEqual(Window(Home).Property(LatestEpisode.5.EpisodeTitle),ListItem(1).Title) | String.IsEqual(Window(Home).Property(LatestEpisode.6.EpisodeTitle),ListItem(1).Title) | String.IsEqual(Window(Home).Property(LatestEpisode.7.EpisodeTitle),ListItem(1).Title) | String.IsEqual(Window(Home).Property(LatestEpisode.8.EpisodeTitle),ListItem(1).Title) | String.IsEqual(Window(Home).Property(LatestEpisode.9.EpisodeTitle),ListItem(1).Title) | String.IsEqual(Window(Home).Property(LatestEpisode.10.EpisodeTitle),ListItem(1).Title)]]]]">indicator/corner.png</value>
        <value condition="ListItem(1).IsCollection">indicator/corner.png</value>
    </variable>

    <variable name="Image_Overlay2">
        <value condition="ListItem(2).IsPlaying">indicator/play.png</value>
        <value condition="!Skin.HasSetting(Indicator.Resume) + ListItem(2).IsResumable + Integer.IsGreater(ListItem(2).PercentPlayed,66)">indicator/inprogress-75.png</value>
        <value condition="!Skin.HasSetting(Indicator.Resume) + ListItem(2).IsResumable + Integer.IsGreater(ListItem(2).PercentPlayed,33)">indicator/inprogress-50.png</value>
        <value condition="!Skin.HasSetting(Indicator.Resume) + ListItem(2).IsResumable">indicator/inprogress-25.png</value>
        <value condition="!Skin.HasSetting(Indicator.Watched) + String.IsEqual(ListItem(2).Overlay,OverlayWatched.png)">indicator/checkmark.png</value>
        <value condition="!Skin.HasSetting(Indicator.New) + [String.StartsWith(ListItem(2).Overlay,OverlayUnwatched.png) + [[Container.Content(movies) + [String.IsEqual(Window(Home).Property(LatestMovie.1.Title),ListItem(2).Label) | String.IsEqual(Window(Home).Property(LatestMovie.2.Title),ListItem(2).Label) | String.IsEqual(Window(Home).Property(LatestMovie.3.Title),ListItem(2).Label) | String.IsEqual(Window(Home).Property(LatestMovie.4.Title),ListItem(2).Label) | String.IsEqual(Window(Home).Property(LatestMovie.5.Title),ListItem(2).Label) | String.IsEqual(Window(Home).Property(LatestMovie.6.Title),ListItem(2).Label) | String.IsEqual(Window(Home).Property(LatestMovie.7.Title),ListItem(2).Label) | String.IsEqual(Window(Home).Property(LatestMovie.8.Title),ListItem(2).Label) | String.IsEqual(Window(Home).Property(LatestMovie.9.Title),ListItem(2).Label) | String.IsEqual(Window(Home).Property(LatestMovie.10.Title),ListItem(2).Label)]] | [[Container.Content(tvshows)] + [String.IsEqual(Window(Home).Property(LatestEpisode.1.ShowTitle),ListItem(2).TvShowTitle) | String.IsEqual(Window(Home).Property(LatestEpisode.2.ShowTitle),ListItem(2).TvShowTitle) | String.IsEqual(Window(Home).Property(LatestEpisode.3.ShowTitle),ListItem(2).TvShowTitle) | String.IsEqual(Window(Home).Property(LatestEpisode.4.ShowTitle),ListItem(2).TvShowTitle) | String.IsEqual(Window(Home).Property(LatestEpisode.5.ShowTitle),ListItem(2).TvShowTitle) | String.IsEqual(Window(Home).Property(LatestEpisode.6.ShowTitle),ListItem(2).TvShowTitle) | String.IsEqual(Window(Home).Property(LatestEpisode.7.ShowTitle),ListItem(2).TvShowTitle) | String.IsEqual(Window(Home).Property(LatestEpisode.8.ShowTitle),ListItem(2).TvShowTitle) | String.IsEqual(Window(Home).Property(LatestEpisode.9.ShowTitle),ListItem(2).TvShowTitle) | String.IsEqual(Window(Home).Property(LatestEpisode.10.ShowTitle),ListItem(2).TvShowTitle)]] | [Container.Content(episodes) + [String.IsEqual(Window(Home).Property(LatestEpisode.1.EpisodeTitle),ListItem(2).Title) | String.IsEqual(Window(Home).Property(LatestEpisode.2.EpisodeTitle),ListItem(2).Title) | String.IsEqual(Window(Home).Property(LatestEpisode.3.EpisodeTitle),ListItem(2).Title) | String.IsEqual(Window(Home).Property(LatestEpisode.4.EpisodeTitle),ListItem(2).Title) | String.IsEqual(Window(Home).Property(LatestEpisode.5.EpisodeTitle),ListItem(2).Title) | String.IsEqual(Window(Home).Property(LatestEpisode.6.EpisodeTitle),ListItem(2).Title) | String.IsEqual(Window(Home).Property(LatestEpisode.7.EpisodeTitle),ListItem(2).Title) | String.IsEqual(Window(Home).Property(LatestEpisode.8.EpisodeTitle),ListItem(2).Title) | String.IsEqual(Window(Home).Property(LatestEpisode.9.EpisodeTitle),ListItem(2).Title) | String.IsEqual(Window(Home).Property(LatestEpisode.10.EpisodeTitle),ListItem(2).Title)]]]]">indicator/new.png</value>
        <value condition="Window.IsVisible(DialogVideoInfo.xml) + !String.IsEmpty(ListItem(2).DBID)">indicator/library.png</value>
        <value condition="ListItem(2).IsCollection">indicator/movieset.png</value>
    </variable>
    <variable name="Image_Overlay_Corner2">
        <value condition="Window.IsVisible(DialogVideoInfo.xml) + !String.IsEmpty(ListItem(2).DBID)">indicator/corner.png</value>
        <value condition="ListItem(2).IsPlaying">indicator/corner.png</value>
        <value condition="!Skin.HasSetting(Indicator.Resume) + ListItem(2).IsResumable">indicator/corner.png</value>
        <value condition="!Skin.HasSetting(Indicator.Watched) + String.IsEqual(ListItem(2).Overlay,OverlayWatched.png)">indicator/corner.png</value>
        <value condition="!Skin.HasSetting(Indicator.New) + [String.StartsWith(ListItem(2).Overlay,OverlayUnwatched.png) + [[Container.Content(movies) + [String.IsEqual(Window(Home).Property(LatestMovie.1.Title),ListItem(2).Label) | String.IsEqual(Window(Home).Property(LatestMovie.2.Title),ListItem(2).Label) | String.IsEqual(Window(Home).Property(LatestMovie.3.Title),ListItem(2).Label) | String.IsEqual(Window(Home).Property(LatestMovie.4.Title),ListItem(2).Label) | String.IsEqual(Window(Home).Property(LatestMovie.5.Title),ListItem(2).Label) | String.IsEqual(Window(Home).Property(LatestMovie.6.Title),ListItem(2).Label) | String.IsEqual(Window(Home).Property(LatestMovie.7.Title),ListItem(2).Label) | String.IsEqual(Window(Home).Property(LatestMovie.8.Title),ListItem(2).Label) | String.IsEqual(Window(Home).Property(LatestMovie.9.Title),ListItem(2).Label) | String.IsEqual(Window(Home).Property(LatestMovie.10.Title),ListItem(2).Label)]] | [[Container.Content(tvshows)] + [String.IsEqual(Window(Home).Property(LatestEpisode.1.ShowTitle),ListItem(2).TvShowTitle) | String.IsEqual(Window(Home).Property(LatestEpisode.2.ShowTitle),ListItem(2).TvShowTitle) | String.IsEqual(Window(Home).Property(LatestEpisode.3.ShowTitle),ListItem(2).TvShowTitle) | String.IsEqual(Window(Home).Property(LatestEpisode.4.ShowTitle),ListItem(2).TvShowTitle) | String.IsEqual(Window(Home).Property(LatestEpisode.5.ShowTitle),ListItem(2).TvShowTitle) | String.IsEqual(Window(Home).Property(LatestEpisode.6.ShowTitle),ListItem(2).TvShowTitle) | String.IsEqual(Window(Home).Property(LatestEpisode.7.ShowTitle),ListItem(2).TvShowTitle) | String.IsEqual(Window(Home).Property(LatestEpisode.8.ShowTitle),ListItem(2).TvShowTitle) | String.IsEqual(Window(Home).Property(LatestEpisode.9.ShowTitle),ListItem(2).TvShowTitle) | String.IsEqual(Window(Home).Property(LatestEpisode.10.ShowTitle),ListItem(2).TvShowTitle)]] | [Container.Content(episodes) + [String.IsEqual(Window(Home).Property(LatestEpisode.1.EpisodeTitle),ListItem(2).Title) | String.IsEqual(Window(Home).Property(LatestEpisode.2.EpisodeTitle),ListItem(2).Title) | String.IsEqual(Window(Home).Property(LatestEpisode.3.EpisodeTitle),ListItem(2).Title) | String.IsEqual(Window(Home).Property(LatestEpisode.4.EpisodeTitle),ListItem(2).Title) | String.IsEqual(Window(Home).Property(LatestEpisode.5.EpisodeTitle),ListItem(2).Title) | String.IsEqual(Window(Home).Property(LatestEpisode.6.EpisodeTitle),ListItem(2).Title) | String.IsEqual(Window(Home).Property(LatestEpisode.7.EpisodeTitle),ListItem(2).Title) | String.IsEqual(Window(Home).Property(LatestEpisode.8.EpisodeTitle),ListItem(2).Title) | String.IsEqual(Window(Home).Property(LatestEpisode.9.EpisodeTitle),ListItem(2).Title) | String.IsEqual(Window(Home).Property(LatestEpisode.10.EpisodeTitle),ListItem(2).Title)]]]]">indicator/corner.png</value>
        <value condition="ListItem(2).IsCollection">indicator/corner.png</value>
    </variable>

    <variable name="Image_Overlay3">
        <value condition="ListItem(3).IsPlaying">indicator/play.png</value>
        <value condition="!Skin.HasSetting(Indicator.Resume) + ListItem(3).IsResumable + Integer.IsGreater(ListItem(3).PercentPlayed,66)">indicator/inprogress-75.png</value>
        <value condition="!Skin.HasSetting(Indicator.Resume) + ListItem(3).IsResumable + Integer.IsGreater(ListItem(3).PercentPlayed,33)">indicator/inprogress-50.png</value>
        <value condition="!Skin.HasSetting(Indicator.Resume) + ListItem(3).IsResumable">indicator/inprogress-25.png</value>
        <value condition="!Skin.HasSetting(Indicator.Watched) + String.IsEqual(ListItem(3).Overlay,OverlayWatched.png)">indicator/checkmark.png</value>
        <value condition="!Skin.HasSetting(Indicator.New) + [String.StartsWith(ListItem(3).Overlay,OverlayUnwatched.png) + [[Container.Content(movies) + [String.IsEqual(Window(Home).Property(LatestMovie.1.Title),ListItem(3).Label) | String.IsEqual(Window(Home).Property(LatestMovie.2.Title),ListItem(3).Label) | String.IsEqual(Window(Home).Property(LatestMovie.3.Title),ListItem(3).Label) | String.IsEqual(Window(Home).Property(LatestMovie.4.Title),ListItem(3).Label) | String.IsEqual(Window(Home).Property(LatestMovie.5.Title),ListItem(3).Label) | String.IsEqual(Window(Home).Property(LatestMovie.6.Title),ListItem(3).Label) | String.IsEqual(Window(Home).Property(LatestMovie.7.Title),ListItem(3).Label) | String.IsEqual(Window(Home).Property(LatestMovie.8.Title),ListItem(3).Label) | String.IsEqual(Window(Home).Property(LatestMovie.9.Title),ListItem(3).Label) | String.IsEqual(Window(Home).Property(LatestMovie.10.Title),ListItem(3).Label)]] | [[Container.Content(tvshows)] + [String.IsEqual(Window(Home).Property(LatestEpisode.1.ShowTitle),ListItem(3).TvShowTitle) | String.IsEqual(Window(Home).Property(LatestEpisode.2.ShowTitle),ListItem(3).TvShowTitle) | String.IsEqual(Window(Home).Property(LatestEpisode.3.ShowTitle),ListItem(3).TvShowTitle) | String.IsEqual(Window(Home).Property(LatestEpisode.4.ShowTitle),ListItem(3).TvShowTitle) | String.IsEqual(Window(Home).Property(LatestEpisode.5.ShowTitle),ListItem(3).TvShowTitle) | String.IsEqual(Window(Home).Property(LatestEpisode.6.ShowTitle),ListItem(3).TvShowTitle) | String.IsEqual(Window(Home).Property(LatestEpisode.7.ShowTitle),ListItem(3).TvShowTitle) | String.IsEqual(Window(Home).Property(LatestEpisode.8.ShowTitle),ListItem(3).TvShowTitle) | String.IsEqual(Window(Home).Property(LatestEpisode.9.ShowTitle),ListItem(3).TvShowTitle) | String.IsEqual(Window(Home).Property(LatestEpisode.10.ShowTitle),ListItem(3).TvShowTitle)]] | [Container.Content(episodes) + [String.IsEqual(Window(Home).Property(LatestEpisode.1.EpisodeTitle),ListItem(3).Title) | String.IsEqual(Window(Home).Property(LatestEpisode.2.EpisodeTitle),ListItem(3).Title) | String.IsEqual(Window(Home).Property(LatestEpisode.3.EpisodeTitle),ListItem(3).Title) | String.IsEqual(Window(Home).Property(LatestEpisode.4.EpisodeTitle),ListItem(3).Title) | String.IsEqual(Window(Home).Property(LatestEpisode.5.EpisodeTitle),ListItem(3).Title) | String.IsEqual(Window(Home).Property(LatestEpisode.6.EpisodeTitle),ListItem(3).Title) | String.IsEqual(Window(Home).Property(LatestEpisode.7.EpisodeTitle),ListItem(3).Title) | String.IsEqual(Window(Home).Property(LatestEpisode.8.EpisodeTitle),ListItem(3).Title) | String.IsEqual(Window(Home).Property(LatestEpisode.9.EpisodeTitle),ListItem(3).Title) | String.IsEqual(Window(Home).Property(LatestEpisode.10.EpisodeTitle),ListItem(3).Title)]]]]">indicator/new.png</value>
        <value condition="Window.IsVisible(DialogVideoInfo.xml) + !String.IsEmpty(ListItem(3).DBID)">indicator/library.png</value>
        <value condition="ListItem(3).IsCollection">indicator/movieset.png</value>
    </variable>
    <variable name="Image_Overlay_Corner3">
        <value condition="Window.IsVisible(DialogVideoInfo.xml) + !String.IsEmpty(ListItem(3).DBID)">indicator/corner.png</value>
        <value condition="ListItem(3).IsPlaying">indicator/corner.png</value>
        <value condition="!Skin.HasSetting(Indicator.Resume) + ListItem(3).IsResumable">indicator/corner.png</value>
        <value condition="!Skin.HasSetting(Indicator.Watched) + String.IsEqual(ListItem(3).Overlay,OverlayWatched.png)">indicator/corner.png</value>
        <value condition="!Skin.HasSetting(Indicator.New) + [String.StartsWith(ListItem(3).Overlay,OverlayUnwatched.png) + [[Container.Content(movies) + [String.IsEqual(Window(Home).Property(LatestMovie.1.Title),ListItem(3).Label) | String.IsEqual(Window(Home).Property(LatestMovie.2.Title),ListItem(3).Label) | String.IsEqual(Window(Home).Property(LatestMovie.3.Title),ListItem(3).Label) | String.IsEqual(Window(Home).Property(LatestMovie.4.Title),ListItem(3).Label) | String.IsEqual(Window(Home).Property(LatestMovie.5.Title),ListItem(3).Label) | String.IsEqual(Window(Home).Property(LatestMovie.6.Title),ListItem(3).Label) | String.IsEqual(Window(Home).Property(LatestMovie.7.Title),ListItem(3).Label) | String.IsEqual(Window(Home).Property(LatestMovie.8.Title),ListItem(3).Label) | String.IsEqual(Window(Home).Property(LatestMovie.9.Title),ListItem(3).Label) | String.IsEqual(Window(Home).Property(LatestMovie.10.Title),ListItem(3).Label)]] | [[Container.Content(tvshows)] + [String.IsEqual(Window(Home).Property(LatestEpisode.1.ShowTitle),ListItem(3).TvShowTitle) | String.IsEqual(Window(Home).Property(LatestEpisode.2.ShowTitle),ListItem(3).TvShowTitle) | String.IsEqual(Window(Home).Property(LatestEpisode.3.ShowTitle),ListItem(3).TvShowTitle) | String.IsEqual(Window(Home).Property(LatestEpisode.4.ShowTitle),ListItem(3).TvShowTitle) | String.IsEqual(Window(Home).Property(LatestEpisode.5.ShowTitle),ListItem(3).TvShowTitle) | String.IsEqual(Window(Home).Property(LatestEpisode.6.ShowTitle),ListItem(3).TvShowTitle) | String.IsEqual(Window(Home).Property(LatestEpisode.7.ShowTitle),ListItem(3).TvShowTitle) | String.IsEqual(Window(Home).Property(LatestEpisode.8.ShowTitle),ListItem(3).TvShowTitle) | String.IsEqual(Window(Home).Property(LatestEpisode.9.ShowTitle),ListItem(3).TvShowTitle) | String.IsEqual(Window(Home).Property(LatestEpisode.10.ShowTitle),ListItem(3).TvShowTitle)]] | [Container.Content(episodes) + [String.IsEqual(Window(Home).Property(LatestEpisode.1.EpisodeTitle),ListItem(3).Title) | String.IsEqual(Window(Home).Property(LatestEpisode.2.EpisodeTitle),ListItem(3).Title) | String.IsEqual(Window(Home).Property(LatestEpisode.3.EpisodeTitle),ListItem(3).Title) | String.IsEqual(Window(Home).Property(LatestEpisode.4.EpisodeTitle),ListItem(3).Title) | String.IsEqual(Window(Home).Property(LatestEpisode.5.EpisodeTitle),ListItem(3).Title) | String.IsEqual(Window(Home).Property(LatestEpisode.6.EpisodeTitle),ListItem(3).Title) | String.IsEqual(Window(Home).Property(LatestEpisode.7.EpisodeTitle),ListItem(3).Title) | String.IsEqual(Window(Home).Property(LatestEpisode.8.EpisodeTitle),ListItem(3).Title) | String.IsEqual(Window(Home).Property(LatestEpisode.9.EpisodeTitle),ListItem(3).Title) | String.IsEqual(Window(Home).Property(LatestEpisode.10.EpisodeTitle),ListItem(3).Title)]]]]">indicator/corner.png</value>
        <value condition="ListItem(3).IsCollection">indicator/corner.png</value>
    </variable>

    <variable name="Image_Overlay4">
        <value condition="ListItem(4).IsPlaying">indicator/play.png</value>
        <value condition="!Skin.HasSetting(Indicator.Resume) + ListItem(4).IsResumable + Integer.IsGreater(ListItem(4).PercentPlayed,66)">indicator/inprogress-75.png</value>
        <value condition="!Skin.HasSetting(Indicator.Resume) + ListItem(4).IsResumable + Integer.IsGreater(ListItem(4).PercentPlayed,33)">indicator/inprogress-50.png</value>
        <value condition="!Skin.HasSetting(Indicator.Resume) + ListItem(4).IsResumable">indicator/inprogress-25.png</value>
        <value condition="!Skin.HasSetting(Indicator.Watched) + String.IsEqual(ListItem(4).Overlay,OverlayWatched.png)">indicator/checkmark.png</value>
        <value condition="!Skin.HasSetting(Indicator.New) + [String.StartsWith(ListItem(4).Overlay,OverlayUnwatched.png) + [[Container.Content(movies) + [String.IsEqual(Window(Home).Property(LatestMovie.1.Title),ListItem(4).Label) | String.IsEqual(Window(Home).Property(LatestMovie.2.Title),ListItem(4).Label) | String.IsEqual(Window(Home).Property(LatestMovie.3.Title),ListItem(4).Label) | String.IsEqual(Window(Home).Property(LatestMovie.4.Title),ListItem(4).Label) | String.IsEqual(Window(Home).Property(LatestMovie.5.Title),ListItem(4).Label) | String.IsEqual(Window(Home).Property(LatestMovie.6.Title),ListItem(4).Label) | String.IsEqual(Window(Home).Property(LatestMovie.7.Title),ListItem(4).Label) | String.IsEqual(Window(Home).Property(LatestMovie.8.Title),ListItem(4).Label) | String.IsEqual(Window(Home).Property(LatestMovie.9.Title),ListItem(4).Label) | String.IsEqual(Window(Home).Property(LatestMovie.10.Title),ListItem(4).Label)]] | [[Container.Content(tvshows)] + [String.IsEqual(Window(Home).Property(LatestEpisode.1.ShowTitle),ListItem(4).TvShowTitle) | String.IsEqual(Window(Home).Property(LatestEpisode.2.ShowTitle),ListItem(4).TvShowTitle) | String.IsEqual(Window(Home).Property(LatestEpisode.3.ShowTitle),ListItem(4).TvShowTitle) | String.IsEqual(Window(Home).Property(LatestEpisode.4.ShowTitle),ListItem(4).TvShowTitle) | String.IsEqual(Window(Home).Property(LatestEpisode.5.ShowTitle),ListItem(4).TvShowTitle) | String.IsEqual(Window(Home).Property(LatestEpisode.6.ShowTitle),ListItem(4).TvShowTitle) | String.IsEqual(Window(Home).Property(LatestEpisode.7.ShowTitle),ListItem(4).TvShowTitle) | String.IsEqual(Window(Home).Property(LatestEpisode.8.ShowTitle),ListItem(4).TvShowTitle) | String.IsEqual(Window(Home).Property(LatestEpisode.9.ShowTitle),ListItem(4).TvShowTitle) | String.IsEqual(Window(Home).Property(LatestEpisode.10.ShowTitle),ListItem(4).TvShowTitle)]] | [Container.Content(episodes) + [String.IsEqual(Window(Home).Property(LatestEpisode.1.EpisodeTitle),ListItem(4).Title) | String.IsEqual(Window(Home).Property(LatestEpisode.2.EpisodeTitle),ListItem(4).Title) | String.IsEqual(Window(Home).Property(LatestEpisode.3.EpisodeTitle),ListItem(4).Title) | String.IsEqual(Window(Home).Property(LatestEpisode.4.EpisodeTitle),ListItem(4).Title) | String.IsEqual(Window(Home).Property(LatestEpisode.5.EpisodeTitle),ListItem(4).Title) | String.IsEqual(Window(Home).Property(LatestEpisode.6.EpisodeTitle),ListItem(4).Title) | String.IsEqual(Window(Home).Property(LatestEpisode.7.EpisodeTitle),ListItem(4).Title) | String.IsEqual(Window(Home).Property(LatestEpisode.8.EpisodeTitle),ListItem(4).Title) | String.IsEqual(Window(Home).Property(LatestEpisode.9.EpisodeTitle),ListItem(4).Title) | String.IsEqual(Window(Home).Property(LatestEpisode.10.EpisodeTitle),ListItem(4).Title)]]]]">indicator/new.png</value>
        <value condition="Window.IsVisible(DialogVideoInfo.xml) + !String.IsEmpty(ListItem(4).DBID)">indicator/library.png</value>
        <value condition="ListItem(4).IsCollection">indicator/movieset.png</value>
    </variable>
    <variable name="Image_Overlay_Corner4">
        <value condition="Window.IsVisible(DialogVideoInfo.xml) + !String.IsEmpty(ListItem(4).DBID)">indicator/corner.png</value>
        <value condition="ListItem(4).IsPlaying">indicator/corner.png</value>
        <value condition="!Skin.HasSetting(Indicator.Resume) + ListItem(4).IsResumable">indicator/corner.png</value>
        <value condition="!Skin.HasSetting(Indicator.Watched) + String.IsEqual(ListItem(4).Overlay,OverlayWatched.png)">indicator/corner.png</value>
        <value condition="!Skin.HasSetting(Indicator.New) + [String.StartsWith(ListItem(4).Overlay,OverlayUnwatched.png) + [[Container.Content(movies) + [String.IsEqual(Window(Home).Property(LatestMovie.1.Title),ListItem(4).Label) | String.IsEqual(Window(Home).Property(LatestMovie.2.Title),ListItem(4).Label) | String.IsEqual(Window(Home).Property(LatestMovie.3.Title),ListItem(4).Label) | String.IsEqual(Window(Home).Property(LatestMovie.4.Title),ListItem(4).Label) | String.IsEqual(Window(Home).Property(LatestMovie.5.Title),ListItem(4).Label) | String.IsEqual(Window(Home).Property(LatestMovie.6.Title),ListItem(4).Label) | String.IsEqual(Window(Home).Property(LatestMovie.7.Title),ListItem(4).Label) | String.IsEqual(Window(Home).Property(LatestMovie.8.Title),ListItem(4).Label) | String.IsEqual(Window(Home).Property(LatestMovie.9.Title),ListItem(4).Label) | String.IsEqual(Window(Home).Property(LatestMovie.10.Title),ListItem(4).Label)]] | [[Container.Content(tvshows)] + [String.IsEqual(Window(Home).Property(LatestEpisode.1.ShowTitle),ListItem(4).TvShowTitle) | String.IsEqual(Window(Home).Property(LatestEpisode.2.ShowTitle),ListItem(4).TvShowTitle) | String.IsEqual(Window(Home).Property(LatestEpisode.3.ShowTitle),ListItem(4).TvShowTitle) | String.IsEqual(Window(Home).Property(LatestEpisode.4.ShowTitle),ListItem(4).TvShowTitle) | String.IsEqual(Window(Home).Property(LatestEpisode.5.ShowTitle),ListItem(4).TvShowTitle) | String.IsEqual(Window(Home).Property(LatestEpisode.6.ShowTitle),ListItem(4).TvShowTitle) | String.IsEqual(Window(Home).Property(LatestEpisode.7.ShowTitle),ListItem(4).TvShowTitle) | String.IsEqual(Window(Home).Property(LatestEpisode.8.ShowTitle),ListItem(4).TvShowTitle) | String.IsEqual(Window(Home).Property(LatestEpisode.9.ShowTitle),ListItem(4).TvShowTitle) | String.IsEqual(Window(Home).Property(LatestEpisode.10.ShowTitle),ListItem(4).TvShowTitle)]] | [Container.Content(episodes) + [String.IsEqual(Window(Home).Property(LatestEpisode.1.EpisodeTitle),ListItem(4).Title) | String.IsEqual(Window(Home).Property(LatestEpisode.2.EpisodeTitle),ListItem(4).Title) | String.IsEqual(Window(Home).Property(LatestEpisode.3.EpisodeTitle),ListItem(4).Title) | String.IsEqual(Window(Home).Property(LatestEpisode.4.EpisodeTitle),ListItem(4).Title) | String.IsEqual(Window(Home).Property(LatestEpisode.5.EpisodeTitle),ListItem(4).Title) | String.IsEqual(Window(Home).Property(LatestEpisode.6.EpisodeTitle),ListItem(4).Title) | String.IsEqual(Window(Home).Property(LatestEpisode.7.EpisodeTitle),ListItem(4).Title) | String.IsEqual(Window(Home).Property(LatestEpisode.8.EpisodeTitle),ListItem(4).Title) | String.IsEqual(Window(Home).Property(LatestEpisode.9.EpisodeTitle),ListItem(4).Title) | String.IsEqual(Window(Home).Property(LatestEpisode.10.EpisodeTitle),ListItem(4).Title)]]]]">indicator/corner.png</value>
        <value condition="ListItem(4).IsCollection">indicator/corner.png</value>
    </variable>

    <variable name="Image_Overlay5">
        <value condition="ListItem(5).IsPlaying">indicator/play.png</value>
        <value condition="!Skin.HasSetting(Indicator.Resume) + ListItem(5).IsResumable + Integer.IsGreater(ListItem(5).PercentPlayed,66)">indicator/inprogress-75.png</value>
        <value condition="!Skin.HasSetting(Indicator.Resume) + ListItem(5).IsResumable + Integer.IsGreater(ListItem(5).PercentPlayed,33)">indicator/inprogress-50.png</value>
        <value condition="!Skin.HasSetting(Indicator.Resume) + ListItem(5).IsResumable">indicator/inprogress-25.png</value>
        <value condition="!Skin.HasSetting(Indicator.Watched) + String.IsEqual(ListItem(5).Overlay,OverlayWatched.png)">indicator/checkmark.png</value>
        <value condition="!Skin.HasSetting(Indicator.New) + [String.StartsWith(ListItem(5).Overlay,OverlayUnwatched.png) + [[Container.Content(movies) + [String.IsEqual(Window(Home).Property(LatestMovie.1.Title),ListItem(5).Label) | String.IsEqual(Window(Home).Property(LatestMovie.2.Title),ListItem(5).Label) | String.IsEqual(Window(Home).Property(LatestMovie.3.Title),ListItem(5).Label) | String.IsEqual(Window(Home).Property(LatestMovie.4.Title),ListItem(5).Label) | String.IsEqual(Window(Home).Property(LatestMovie.5.Title),ListItem(5).Label) | String.IsEqual(Window(Home).Property(LatestMovie.6.Title),ListItem(5).Label) | String.IsEqual(Window(Home).Property(LatestMovie.7.Title),ListItem(5).Label) | String.IsEqual(Window(Home).Property(LatestMovie.8.Title),ListItem(5).Label) | String.IsEqual(Window(Home).Property(LatestMovie.9.Title),ListItem(5).Label) | String.IsEqual(Window(Home).Property(LatestMovie.10.Title),ListItem(5).Label)]] | [[Container.Content(tvshows)] + [String.IsEqual(Window(Home).Property(LatestEpisode.1.ShowTitle),ListItem(5).TvShowTitle) | String.IsEqual(Window(Home).Property(LatestEpisode.2.ShowTitle),ListItem(5).TvShowTitle) | String.IsEqual(Window(Home).Property(LatestEpisode.3.ShowTitle),ListItem(5).TvShowTitle) | String.IsEqual(Window(Home).Property(LatestEpisode.4.ShowTitle),ListItem(5).TvShowTitle) | String.IsEqual(Window(Home).Property(LatestEpisode.5.ShowTitle),ListItem(5).TvShowTitle) | String.IsEqual(Window(Home).Property(LatestEpisode.6.ShowTitle),ListItem(5).TvShowTitle) | String.IsEqual(Window(Home).Property(LatestEpisode.7.ShowTitle),ListItem(5).TvShowTitle) | String.IsEqual(Window(Home).Property(LatestEpisode.8.ShowTitle),ListItem(5).TvShowTitle) | String.IsEqual(Window(Home).Property(LatestEpisode.9.ShowTitle),ListItem(5).TvShowTitle) | String.IsEqual(Window(Home).Property(LatestEpisode.10.ShowTitle),ListItem(5).TvShowTitle)]] | [Container.Content(episodes) + [String.IsEqual(Window(Home).Property(LatestEpisode.1.EpisodeTitle),ListItem(5).Title) | String.IsEqual(Window(Home).Property(LatestEpisode.2.EpisodeTitle),ListItem(5).Title) | String.IsEqual(Window(Home).Property(LatestEpisode.3.EpisodeTitle),ListItem(5).Title) | String.IsEqual(Window(Home).Property(LatestEpisode.4.EpisodeTitle),ListItem(5).Title) | String.IsEqual(Window(Home).Property(LatestEpisode.5.EpisodeTitle),ListItem(5).Title) | String.IsEqual(Window(Home).Property(LatestEpisode.6.EpisodeTitle),ListItem(5).Title) | String.IsEqual(Window(Home).Property(LatestEpisode.7.EpisodeTitle),ListItem(5).Title) | String.IsEqual(Window(Home).Property(LatestEpisode.8.EpisodeTitle),ListItem(5).Title) | String.IsEqual(Window(Home).Property(LatestEpisode.9.EpisodeTitle),ListItem(5).Title) | String.IsEqual(Window(Home).Property(LatestEpisode.10.EpisodeTitle),ListItem(5).Title)]]]]">indicator/new.png</value>
        <value condition="Window.IsVisible(DialogVideoInfo.xml) + !String.IsEmpty(ListItem(5).DBID)">indicator/library.png</value>
        <value condition="ListItem(5).IsCollection">indicator/movieset.png</value>
    </variable>
    <variable name="Image_Overlay_Corner5">
        <value condition="Window.IsVisible(DialogVideoInfo.xml) + !String.IsEmpty(ListItem(5).DBID)">indicator/corner.png</value>
        <value condition="ListItem(5).IsPlaying">indicator/corner.png</value>
        <value condition="!Skin.HasSetting(Indicator.Resume) + ListItem(5).IsResumable">indicator/corner.png</value>
        <value condition="!Skin.HasSetting(Indicator.Watched) + String.IsEqual(ListItem(5).Overlay,OverlayWatched.png)">indicator/corner.png</value>
        <value condition="!Skin.HasSetting(Indicator.New) + [String.StartsWith(ListItem(5).Overlay,OverlayUnwatched.png) + [[Container.Content(movies) + [String.IsEqual(Window(Home).Property(LatestMovie.1.Title),ListItem(5).Label) | String.IsEqual(Window(Home).Property(LatestMovie.2.Title),ListItem(5).Label) | String.IsEqual(Window(Home).Property(LatestMovie.3.Title),ListItem(5).Label) | String.IsEqual(Window(Home).Property(LatestMovie.4.Title),ListItem(5).Label) | String.IsEqual(Window(Home).Property(LatestMovie.5.Title),ListItem(5).Label) | String.IsEqual(Window(Home).Property(LatestMovie.6.Title),ListItem(5).Label) | String.IsEqual(Window(Home).Property(LatestMovie.7.Title),ListItem(5).Label) | String.IsEqual(Window(Home).Property(LatestMovie.8.Title),ListItem(5).Label) | String.IsEqual(Window(Home).Property(LatestMovie.9.Title),ListItem(5).Label) | String.IsEqual(Window(Home).Property(LatestMovie.10.Title),ListItem(5).Label)]] | [[Container.Content(tvshows)] + [String.IsEqual(Window(Home).Property(LatestEpisode.1.ShowTitle),ListItem(5).TvShowTitle) | String.IsEqual(Window(Home).Property(LatestEpisode.2.ShowTitle),ListItem(5).TvShowTitle) | String.IsEqual(Window(Home).Property(LatestEpisode.3.ShowTitle),ListItem(5).TvShowTitle) | String.IsEqual(Window(Home).Property(LatestEpisode.4.ShowTitle),ListItem(5).TvShowTitle) | String.IsEqual(Window(Home).Property(LatestEpisode.5.ShowTitle),ListItem(5).TvShowTitle) | String.IsEqual(Window(Home).Property(LatestEpisode.6.ShowTitle),ListItem(5).TvShowTitle) | String.IsEqual(Window(Home).Property(LatestEpisode.7.ShowTitle),ListItem(5).TvShowTitle) | String.IsEqual(Window(Home).Property(LatestEpisode.8.ShowTitle),ListItem(5).TvShowTitle) | String.IsEqual(Window(Home).Property(LatestEpisode.9.ShowTitle),ListItem(5).TvShowTitle) | String.IsEqual(Window(Home).Property(LatestEpisode.10.ShowTitle),ListItem(5).TvShowTitle)]] | [Container.Content(episodes) + [String.IsEqual(Window(Home).Property(LatestEpisode.1.EpisodeTitle),ListItem(5).Title) | String.IsEqual(Window(Home).Property(LatestEpisode.2.EpisodeTitle),ListItem(5).Title) | String.IsEqual(Window(Home).Property(LatestEpisode.3.EpisodeTitle),ListItem(5).Title) | String.IsEqual(Window(Home).Property(LatestEpisode.4.EpisodeTitle),ListItem(5).Title) | String.IsEqual(Window(Home).Property(LatestEpisode.5.EpisodeTitle),ListItem(5).Title) | String.IsEqual(Window(Home).Property(LatestEpisode.6.EpisodeTitle),ListItem(5).Title) | String.IsEqual(Window(Home).Property(LatestEpisode.7.EpisodeTitle),ListItem(5).Title) | String.IsEqual(Window(Home).Property(LatestEpisode.8.EpisodeTitle),ListItem(5).Title) | String.IsEqual(Window(Home).Property(LatestEpisode.9.EpisodeTitle),ListItem(5).Title) | String.IsEqual(Window(Home).Property(LatestEpisode.10.EpisodeTitle),ListItem(5).Title)]]]]">indicator/corner.png</value>
        <value condition="ListItem(5).IsCollection">indicator/corner.png</value>
    </variable>
    <variable name="Image_Overlay6">
        <value condition="ListItem(6).IsPlaying">indicator/play.png</value>
        <value condition="!Skin.HasSetting(Indicator.Resume) + ListItem(6).IsResumable + Integer.IsGreater(ListItem(6).PercentPlayed,66)">indicator/inprogress-75.png</value>
        <value condition="!Skin.HasSetting(Indicator.Resume) + ListItem(6).IsResumable + Integer.IsGreater(ListItem(6).PercentPlayed,33)">indicator/inprogress-50.png</value>
        <value condition="!Skin.HasSetting(Indicator.Resume) + ListItem(6).IsResumable">indicator/inprogress-25.png</value>
        <value condition="!Skin.HasSetting(Indicator.Watched) + String.IsEqual(ListItem(6).Overlay,OverlayWatched.png)">indicator/checkmark.png</value>
        <value condition="!Skin.HasSetting(Indicator.New) + [String.StartsWith(ListItem(6).Overlay,OverlayUnwatched.png) + [[Container.Content(movies) + [String.IsEqual(Window(Home).Property(LatestMovie.1.Title),ListItem(6).Label) | String.IsEqual(Window(Home).Property(LatestMovie.2.Title),ListItem(6).Label) | String.IsEqual(Window(Home).Property(LatestMovie.3.Title),ListItem(6).Label) | String.IsEqual(Window(Home).Property(LatestMovie.4.Title),ListItem(6).Label) | String.IsEqual(Window(Home).Property(LatestMovie.5.Title),ListItem(6).Label) | String.IsEqual(Window(Home).Property(LatestMovie.6.Title),ListItem(6).Label) | String.IsEqual(Window(Home).Property(LatestMovie.7.Title),ListItem(6).Label) | String.IsEqual(Window(Home).Property(LatestMovie.8.Title),ListItem(6).Label) | String.IsEqual(Window(Home).Property(LatestMovie.9.Title),ListItem(6).Label) | String.IsEqual(Window(Home).Property(LatestMovie.10.Title),ListItem(6).Label)]] | [[Container.Content(tvshows)] + [String.IsEqual(Window(Home).Property(LatestEpisode.1.ShowTitle),ListItem(6).TvShowTitle) | String.IsEqual(Window(Home).Property(LatestEpisode.2.ShowTitle),ListItem(6).TvShowTitle) | String.IsEqual(Window(Home).Property(LatestEpisode.3.ShowTitle),ListItem(6).TvShowTitle) | String.IsEqual(Window(Home).Property(LatestEpisode.4.ShowTitle),ListItem(6).TvShowTitle) | String.IsEqual(Window(Home).Property(LatestEpisode.5.ShowTitle),ListItem(6).TvShowTitle) | String.IsEqual(Window(Home).Property(LatestEpisode.6.ShowTitle),ListItem(6).TvShowTitle) | String.IsEqual(Window(Home).Property(LatestEpisode.7.ShowTitle),ListItem(6).TvShowTitle) | String.IsEqual(Window(Home).Property(LatestEpisode.8.ShowTitle),ListItem(6).TvShowTitle) | String.IsEqual(Window(Home).Property(LatestEpisode.9.ShowTitle),ListItem(6).TvShowTitle) | String.IsEqual(Window(Home).Property(LatestEpisode.10.ShowTitle),ListItem(6).TvShowTitle)]] | [Container.Content(episodes) + [String.IsEqual(Window(Home).Property(LatestEpisode.1.EpisodeTitle),ListItem(6).Title) | String.IsEqual(Window(Home).Property(LatestEpisode.2.EpisodeTitle),ListItem(6).Title) | String.IsEqual(Window(Home).Property(LatestEpisode.3.EpisodeTitle),ListItem(6).Title) | String.IsEqual(Window(Home).Property(LatestEpisode.4.EpisodeTitle),ListItem(6).Title) | String.IsEqual(Window(Home).Property(LatestEpisode.5.EpisodeTitle),ListItem(6).Title) | String.IsEqual(Window(Home).Property(LatestEpisode.6.EpisodeTitle),ListItem(6).Title) | String.IsEqual(Window(Home).Property(LatestEpisode.7.EpisodeTitle),ListItem(6).Title) | String.IsEqual(Window(Home).Property(LatestEpisode.8.EpisodeTitle),ListItem(6).Title) | String.IsEqual(Window(Home).Property(LatestEpisode.9.EpisodeTitle),ListItem(6).Title) | String.IsEqual(Window(Home).Property(LatestEpisode.10.EpisodeTitle),ListItem(6).Title)]]]]">indicator/new.png</value>
        <value condition="Window.IsVisible(DialogVideoInfo.xml) + !String.IsEmpty(ListItem(6).DBID)">indicator/library.png</value>
        <value condition="ListItem(6).IsCollection">indicator/movieset.png</value>
    </variable>
    <variable name="Image_Overlay_Corner6">
        <value condition="Window.IsVisible(DialogVideoInfo.xml) + !String.IsEmpty(ListItem(6).DBID)">indicator/corner.png</value>
        <value condition="ListItem(6).IsPlaying">indicator/corner.png</value>
        <value condition="!Skin.HasSetting(Indicator.Resume) + ListItem(6).IsResumable">indicator/corner.png</value>
        <value condition="!Skin.HasSetting(Indicator.Watched) + String.IsEqual(ListItem(6).Overlay,OverlayWatched.png)">indicator/corner.png</value>
        <value condition="!Skin.HasSetting(Indicator.New) + [String.StartsWith(ListItem(6).Overlay,OverlayUnwatched.png) + [[Container.Content(movies) + [String.IsEqual(Window(Home).Property(LatestMovie.1.Title),ListItem(6).Label) | String.IsEqual(Window(Home).Property(LatestMovie.2.Title),ListItem(6).Label) | String.IsEqual(Window(Home).Property(LatestMovie.3.Title),ListItem(6).Label) | String.IsEqual(Window(Home).Property(LatestMovie.4.Title),ListItem(6).Label) | String.IsEqual(Window(Home).Property(LatestMovie.5.Title),ListItem(6).Label) | String.IsEqual(Window(Home).Property(LatestMovie.6.Title),ListItem(6).Label) | String.IsEqual(Window(Home).Property(LatestMovie.7.Title),ListItem(6).Label) | String.IsEqual(Window(Home).Property(LatestMovie.8.Title),ListItem(6).Label) | String.IsEqual(Window(Home).Property(LatestMovie.9.Title),ListItem(6).Label) | String.IsEqual(Window(Home).Property(LatestMovie.10.Title),ListItem(6).Label)]] | [[Container.Content(tvshows)] + [String.IsEqual(Window(Home).Property(LatestEpisode.1.ShowTitle),ListItem(6).TvShowTitle) | String.IsEqual(Window(Home).Property(LatestEpisode.2.ShowTitle),ListItem(6).TvShowTitle) | String.IsEqual(Window(Home).Property(LatestEpisode.3.ShowTitle),ListItem(6).TvShowTitle) | String.IsEqual(Window(Home).Property(LatestEpisode.4.ShowTitle),ListItem(6).TvShowTitle) | String.IsEqual(Window(Home).Property(LatestEpisode.5.ShowTitle),ListItem(6).TvShowTitle) | String.IsEqual(Window(Home).Property(LatestEpisode.6.ShowTitle),ListItem(6).TvShowTitle) | String.IsEqual(Window(Home).Property(LatestEpisode.7.ShowTitle),ListItem(6).TvShowTitle) | String.IsEqual(Window(Home).Property(LatestEpisode.8.ShowTitle),ListItem(6).TvShowTitle) | String.IsEqual(Window(Home).Property(LatestEpisode.9.ShowTitle),ListItem(6).TvShowTitle) | String.IsEqual(Window(Home).Property(LatestEpisode.10.ShowTitle),ListItem(6).TvShowTitle)]] | [Container.Content(episodes) + [String.IsEqual(Window(Home).Property(LatestEpisode.1.EpisodeTitle),ListItem(6).Title) | String.IsEqual(Window(Home).Property(LatestEpisode.2.EpisodeTitle),ListItem(6).Title) | String.IsEqual(Window(Home).Property(LatestEpisode.3.EpisodeTitle),ListItem(6).Title) | String.IsEqual(Window(Home).Property(LatestEpisode.4.EpisodeTitle),ListItem(6).Title) | String.IsEqual(Window(Home).Property(LatestEpisode.5.EpisodeTitle),ListItem(6).Title) | String.IsEqual(Window(Home).Property(LatestEpisode.6.EpisodeTitle),ListItem(6).Title) | String.IsEqual(Window(Home).Property(LatestEpisode.7.EpisodeTitle),ListItem(6).Title) | String.IsEqual(Window(Home).Property(LatestEpisode.8.EpisodeTitle),ListItem(6).Title) | String.IsEqual(Window(Home).Property(LatestEpisode.9.EpisodeTitle),ListItem(6).Title) | String.IsEqual(Window(Home).Property(LatestEpisode.10.EpisodeTitle),ListItem(6).Title)]]]]">indicator/corner.png</value>
        <value condition="ListItem(6).IsCollection">indicator/corner.png</value>
    </variable>

    <variable name="Image_Overlay7">
        <value condition="ListItem(7).IsPlaying">indicator/play.png</value>
        <value condition="!Skin.HasSetting(Indicator.Resume) + ListItem(7).IsResumable + Integer.IsGreater(ListItem(7).PercentPlayed,66)">indicator/inprogress-75.png</value>
        <value condition="!Skin.HasSetting(Indicator.Resume) + ListItem(7).IsResumable + Integer.IsGreater(ListItem(7).PercentPlayed,33)">indicator/inprogress-50.png</value>
        <value condition="!Skin.HasSetting(Indicator.Resume) + ListItem(7).IsResumable">indicator/inprogress-25.png</value>
        <value condition="!Skin.HasSetting(Indicator.Watched) + String.IsEqual(ListItem(7).Overlay,OverlayWatched.png)">indicator/checkmark.png</value>
        <value condition="!Skin.HasSetting(Indicator.New) + [String.StartsWith(ListItem(7).Overlay,OverlayUnwatched.png) + [[Container.Content(movies) + [String.IsEqual(Window(Home).Property(LatestMovie.1.Title),ListItem(7).Label) | String.IsEqual(Window(Home).Property(LatestMovie.2.Title),ListItem(7).Label) | String.IsEqual(Window(Home).Property(LatestMovie.3.Title),ListItem(7).Label) | String.IsEqual(Window(Home).Property(LatestMovie.4.Title),ListItem(7).Label) | String.IsEqual(Window(Home).Property(LatestMovie.5.Title),ListItem(7).Label) | String.IsEqual(Window(Home).Property(LatestMovie.6.Title),ListItem(7).Label) | String.IsEqual(Window(Home).Property(LatestMovie.7.Title),ListItem(7).Label) | String.IsEqual(Window(Home).Property(LatestMovie.8.Title),ListItem(7).Label) | String.IsEqual(Window(Home).Property(LatestMovie.9.Title),ListItem(7).Label) | String.IsEqual(Window(Home).Property(LatestMovie.10.Title),ListItem(7).Label)]] | [[Container.Content(tvshows)] + [String.IsEqual(Window(Home).Property(LatestEpisode.1.ShowTitle),ListItem(7).TvShowTitle) | String.IsEqual(Window(Home).Property(LatestEpisode.2.ShowTitle),ListItem(7).TvShowTitle) | String.IsEqual(Window(Home).Property(LatestEpisode.3.ShowTitle),ListItem(7).TvShowTitle) | String.IsEqual(Window(Home).Property(LatestEpisode.4.ShowTitle),ListItem(7).TvShowTitle) | String.IsEqual(Window(Home).Property(LatestEpisode.5.ShowTitle),ListItem(7).TvShowTitle) | String.IsEqual(Window(Home).Property(LatestEpisode.6.ShowTitle),ListItem(7).TvShowTitle) | String.IsEqual(Window(Home).Property(LatestEpisode.7.ShowTitle),ListItem(7).TvShowTitle) | String.IsEqual(Window(Home).Property(LatestEpisode.8.ShowTitle),ListItem(7).TvShowTitle) | String.IsEqual(Window(Home).Property(LatestEpisode.9.ShowTitle),ListItem(7).TvShowTitle) | String.IsEqual(Window(Home).Property(LatestEpisode.10.ShowTitle),ListItem(7).TvShowTitle)]] | [Container.Content(episodes) + [String.IsEqual(Window(Home).Property(LatestEpisode.1.EpisodeTitle),ListItem(7).Title) | String.IsEqual(Window(Home).Property(LatestEpisode.2.EpisodeTitle),ListItem(7).Title) | String.IsEqual(Window(Home).Property(LatestEpisode.3.EpisodeTitle),ListItem(7).Title) | String.IsEqual(Window(Home).Property(LatestEpisode.4.EpisodeTitle),ListItem(7).Title) | String.IsEqual(Window(Home).Property(LatestEpisode.5.EpisodeTitle),ListItem(7).Title) | String.IsEqual(Window(Home).Property(LatestEpisode.6.EpisodeTitle),ListItem(7).Title) | String.IsEqual(Window(Home).Property(LatestEpisode.7.EpisodeTitle),ListItem(7).Title) | String.IsEqual(Window(Home).Property(LatestEpisode.8.EpisodeTitle),ListItem(7).Title) | String.IsEqual(Window(Home).Property(LatestEpisode.9.EpisodeTitle),ListItem(7).Title) | String.IsEqual(Window(Home).Property(LatestEpisode.10.EpisodeTitle),ListItem(7).Title)]]]]">indicator/new.png</value>
        <value condition="Window.IsVisible(DialogVideoInfo.xml) + !String.IsEmpty(ListItem(7).DBID)">indicator/library.png</value>
        <value condition="ListItem(7).IsCollection">indicator/movieset.png</value>
    </variable>
    <variable name="Image_Overlay_Corner7">
        <value condition="Window.IsVisible(DialogVideoInfo.xml) + !String.IsEmpty(ListItem(7).DBID)">indicator/corner.png</value>
        <value condition="ListItem(7).IsPlaying">indicator/corner.png</value>
        <value condition="!Skin.HasSetting(Indicator.Resume) + ListItem(7).IsResumable">indicator/corner.png</value>
        <value condition="!Skin.HasSetting(Indicator.Watched) + String.IsEqual(ListItem(7).Overlay,OverlayWatched.png)">indicator/corner.png</value>
        <value condition="!Skin.HasSetting(Indicator.New) + [String.StartsWith(ListItem(7).Overlay,OverlayUnwatched.png) + [[Container.Content(movies) + [String.IsEqual(Window(Home).Property(LatestMovie.1.Title),ListItem(7).Label) | String.IsEqual(Window(Home).Property(LatestMovie.2.Title),ListItem(7).Label) | String.IsEqual(Window(Home).Property(LatestMovie.3.Title),ListItem(7).Label) | String.IsEqual(Window(Home).Property(LatestMovie.4.Title),ListItem(7).Label) | String.IsEqual(Window(Home).Property(LatestMovie.5.Title),ListItem(7).Label) | String.IsEqual(Window(Home).Property(LatestMovie.6.Title),ListItem(7).Label) | String.IsEqual(Window(Home).Property(LatestMovie.7.Title),ListItem(7).Label) | String.IsEqual(Window(Home).Property(LatestMovie.8.Title),ListItem(7).Label) | String.IsEqual(Window(Home).Property(LatestMovie.9.Title),ListItem(7).Label) | String.IsEqual(Window(Home).Property(LatestMovie.10.Title),ListItem(7).Label)]] | [[Container.Content(tvshows)] + [String.IsEqual(Window(Home).Property(LatestEpisode.1.ShowTitle),ListItem(7).TvShowTitle) | String.IsEqual(Window(Home).Property(LatestEpisode.2.ShowTitle),ListItem(7).TvShowTitle) | String.IsEqual(Window(Home).Property(LatestEpisode.3.ShowTitle),ListItem(7).TvShowTitle) | String.IsEqual(Window(Home).Property(LatestEpisode.4.ShowTitle),ListItem(7).TvShowTitle) | String.IsEqual(Window(Home).Property(LatestEpisode.5.ShowTitle),ListItem(7).TvShowTitle) | String.IsEqual(Window(Home).Property(LatestEpisode.6.ShowTitle),ListItem(7).TvShowTitle) | String.IsEqual(Window(Home).Property(LatestEpisode.7.ShowTitle),ListItem(7).TvShowTitle) | String.IsEqual(Window(Home).Property(LatestEpisode.8.ShowTitle),ListItem(7).TvShowTitle) | String.IsEqual(Window(Home).Property(LatestEpisode.9.ShowTitle),ListItem(7).TvShowTitle) | String.IsEqual(Window(Home).Property(LatestEpisode.10.ShowTitle),ListItem(7).TvShowTitle)]] | [Container.Content(episodes) + [String.IsEqual(Window(Home).Property(LatestEpisode.1.EpisodeTitle),ListItem(7).Title) | String.IsEqual(Window(Home).Property(LatestEpisode.2.EpisodeTitle),ListItem(7).Title) | String.IsEqual(Window(Home).Property(LatestEpisode.3.EpisodeTitle),ListItem(7).Title) | String.IsEqual(Window(Home).Property(LatestEpisode.4.EpisodeTitle),ListItem(7).Title) | String.IsEqual(Window(Home).Property(LatestEpisode.5.EpisodeTitle),ListItem(7).Title) | String.IsEqual(Window(Home).Property(LatestEpisode.6.EpisodeTitle),ListItem(7).Title) | String.IsEqual(Window(Home).Property(LatestEpisode.7.EpisodeTitle),ListItem(7).Title) | String.IsEqual(Window(Home).Property(LatestEpisode.8.EpisodeTitle),ListItem(7).Title) | String.IsEqual(Window(Home).Property(LatestEpisode.9.EpisodeTitle),ListItem(7).Title) | String.IsEqual(Window(Home).Property(LatestEpisode.10.EpisodeTitle),ListItem(7).Title)]]]]">indicator/corner.png</value>
        <value condition="ListItem(7).IsCollection">indicator/corner.png</value>
    </variable>

    <variable name="Image_Overlay8">
        <value condition="ListItem(8).IsPlaying">indicator/play.png</value>
        <value condition="!Skin.HasSetting(Indicator.Resume) + ListItem(8).IsResumable + Integer.IsGreater(ListItem(8).PercentPlayed,66)">indicator/inprogress-75.png</value>
        <value condition="!Skin.HasSetting(Indicator.Resume) + ListItem(8).IsResumable + Integer.IsGreater(ListItem(8).PercentPlayed,33)">indicator/inprogress-50.png</value>
        <value condition="!Skin.HasSetting(Indicator.Resume) + ListItem(8).IsResumable">indicator/inprogress-25.png</value>
        <value condition="!Skin.HasSetting(Indicator.Watched) + String.IsEqual(ListItem(8).Overlay,OverlayWatched.png)">indicator/checkmark.png</value>
        <value condition="!Skin.HasSetting(Indicator.New) + [String.StartsWith(ListItem(8).Overlay,OverlayUnwatched.png) + [[Container.Content(movies) + [String.IsEqual(Window(Home).Property(LatestMovie.1.Title),ListItem(8).Label) | String.IsEqual(Window(Home).Property(LatestMovie.2.Title),ListItem(8).Label) | String.IsEqual(Window(Home).Property(LatestMovie.3.Title),ListItem(8).Label) | String.IsEqual(Window(Home).Property(LatestMovie.4.Title),ListItem(8).Label) | String.IsEqual(Window(Home).Property(LatestMovie.5.Title),ListItem(8).Label) | String.IsEqual(Window(Home).Property(LatestMovie.6.Title),ListItem(8).Label) | String.IsEqual(Window(Home).Property(LatestMovie.7.Title),ListItem(8).Label) | String.IsEqual(Window(Home).Property(LatestMovie.8.Title),ListItem(8).Label) | String.IsEqual(Window(Home).Property(LatestMovie.9.Title),ListItem(8).Label) | String.IsEqual(Window(Home).Property(LatestMovie.10.Title),ListItem(8).Label)]] | [[Container.Content(tvshows)] + [String.IsEqual(Window(Home).Property(LatestEpisode.1.ShowTitle),ListItem(8).TvShowTitle) | String.IsEqual(Window(Home).Property(LatestEpisode.2.ShowTitle),ListItem(8).TvShowTitle) | String.IsEqual(Window(Home).Property(LatestEpisode.3.ShowTitle),ListItem(8).TvShowTitle) | String.IsEqual(Window(Home).Property(LatestEpisode.4.ShowTitle),ListItem(8).TvShowTitle) | String.IsEqual(Window(Home).Property(LatestEpisode.5.ShowTitle),ListItem(8).TvShowTitle) | String.IsEqual(Window(Home).Property(LatestEpisode.6.ShowTitle),ListItem(8).TvShowTitle) | String.IsEqual(Window(Home).Property(LatestEpisode.7.ShowTitle),ListItem(8).TvShowTitle) | String.IsEqual(Window(Home).Property(LatestEpisode.8.ShowTitle),ListItem(8).TvShowTitle) | String.IsEqual(Window(Home).Property(LatestEpisode.9.ShowTitle),ListItem(8).TvShowTitle) | String.IsEqual(Window(Home).Property(LatestEpisode.10.ShowTitle),ListItem(8).TvShowTitle)]] | [Container.Content(episodes) + [String.IsEqual(Window(Home).Property(LatestEpisode.1.EpisodeTitle),ListItem(8).Title) | String.IsEqual(Window(Home).Property(LatestEpisode.2.EpisodeTitle),ListItem(8).Title) | String.IsEqual(Window(Home).Property(LatestEpisode.3.EpisodeTitle),ListItem(8).Title) | String.IsEqual(Window(Home).Property(LatestEpisode.4.EpisodeTitle),ListItem(8).Title) | String.IsEqual(Window(Home).Property(LatestEpisode.5.EpisodeTitle),ListItem(8).Title) | String.IsEqual(Window(Home).Property(LatestEpisode.6.EpisodeTitle),ListItem(8).Title) | String.IsEqual(Window(Home).Property(LatestEpisode.7.EpisodeTitle),ListItem(8).Title) | String.IsEqual(Window(Home).Property(LatestEpisode.8.EpisodeTitle),ListItem(8).Title) | String.IsEqual(Window(Home).Property(LatestEpisode.9.EpisodeTitle),ListItem(8).Title) | String.IsEqual(Window(Home).Property(LatestEpisode.10.EpisodeTitle),ListItem(8).Title)]]]]">indicator/new.png</value>
        <value condition="Window.IsVisible(DialogVideoInfo.xml) + !String.IsEmpty(ListItem(8).DBID)">indicator/library.png</value>
        <value condition="ListItem(8).IsCollection">indicator/movieset.png</value>
    </variable>
    <variable name="Image_Overlay_Corner8">
        <value condition="Window.IsVisible(DialogVideoInfo.xml) + !String.IsEmpty(ListItem(8).DBID)">indicator/corner.png</value>
        <value condition="ListItem(8).IsPlaying">indicator/corner.png</value>
        <value condition="!Skin.HasSetting(Indicator.Resume) + ListItem(8).IsResumable">indicator/corner.png</value>
        <value condition="!Skin.HasSetting(Indicator.Watched) + String.IsEqual(ListItem(8).Overlay,OverlayWatched.png)">indicator/corner.png</value>
        <value condition="!Skin.HasSetting(Indicator.New) + [String.StartsWith(ListItem(8).Overlay,OverlayUnwatched.png) + [[Container.Content(movies) + [String.IsEqual(Window(Home).Property(LatestMovie.1.Title),ListItem(8).Label) | String.IsEqual(Window(Home).Property(LatestMovie.2.Title),ListItem(8).Label) | String.IsEqual(Window(Home).Property(LatestMovie.3.Title),ListItem(8).Label) | String.IsEqual(Window(Home).Property(LatestMovie.4.Title),ListItem(8).Label) | String.IsEqual(Window(Home).Property(LatestMovie.5.Title),ListItem(8).Label) | String.IsEqual(Window(Home).Property(LatestMovie.6.Title),ListItem(8).Label) | String.IsEqual(Window(Home).Property(LatestMovie.7.Title),ListItem(8).Label) | String.IsEqual(Window(Home).Property(LatestMovie.8.Title),ListItem(8).Label) | String.IsEqual(Window(Home).Property(LatestMovie.9.Title),ListItem(8).Label) | String.IsEqual(Window(Home).Property(LatestMovie.10.Title),ListItem(8).Label)]] | [[Container.Content(tvshows)] + [String.IsEqual(Window(Home).Property(LatestEpisode.1.ShowTitle),ListItem(8).TvShowTitle) | String.IsEqual(Window(Home).Property(LatestEpisode.2.ShowTitle),ListItem(8).TvShowTitle) | String.IsEqual(Window(Home).Property(LatestEpisode.3.ShowTitle),ListItem(8).TvShowTitle) | String.IsEqual(Window(Home).Property(LatestEpisode.4.ShowTitle),ListItem(8).TvShowTitle) | String.IsEqual(Window(Home).Property(LatestEpisode.5.ShowTitle),ListItem(8).TvShowTitle) | String.IsEqual(Window(Home).Property(LatestEpisode.6.ShowTitle),ListItem(8).TvShowTitle) | String.IsEqual(Window(Home).Property(LatestEpisode.7.ShowTitle),ListItem(8).TvShowTitle) | String.IsEqual(Window(Home).Property(LatestEpisode.8.ShowTitle),ListItem(8).TvShowTitle) | String.IsEqual(Window(Home).Property(LatestEpisode.9.ShowTitle),ListItem(8).TvShowTitle) | String.IsEqual(Window(Home).Property(LatestEpisode.10.ShowTitle),ListItem(8).TvShowTitle)]] | [Container.Content(episodes) + [String.IsEqual(Window(Home).Property(LatestEpisode.1.EpisodeTitle),ListItem(8).Title) | String.IsEqual(Window(Home).Property(LatestEpisode.2.EpisodeTitle),ListItem(8).Title) | String.IsEqual(Window(Home).Property(LatestEpisode.3.EpisodeTitle),ListItem(8).Title) | String.IsEqual(Window(Home).Property(LatestEpisode.4.EpisodeTitle),ListItem(8).Title) | String.IsEqual(Window(Home).Property(LatestEpisode.5.EpisodeTitle),ListItem(8).Title) | String.IsEqual(Window(Home).Property(LatestEpisode.6.EpisodeTitle),ListItem(8).Title) | String.IsEqual(Window(Home).Property(LatestEpisode.7.EpisodeTitle),ListItem(8).Title) | String.IsEqual(Window(Home).Property(LatestEpisode.8.EpisodeTitle),ListItem(8).Title) | String.IsEqual(Window(Home).Property(LatestEpisode.9.EpisodeTitle),ListItem(8).Title) | String.IsEqual(Window(Home).Property(LatestEpisode.10.EpisodeTitle),ListItem(8).Title)]]]]">indicator/corner.png</value>
        <value condition="ListItem(8).IsCollection">indicator/corner.png</value>
    </variable>

    <variable name="Image_Overlay9">
        <value condition="ListItem(9).IsPlaying">indicator/play.png</value>
        <value condition="!Skin.HasSetting(Indicator.Resume) + ListItem(9).IsResumable + Integer.IsGreater(ListItem(9).PercentPlayed,66)">indicator/inprogress-75.png</value>
        <value condition="!Skin.HasSetting(Indicator.Resume) + ListItem(9).IsResumable + Integer.IsGreater(ListItem(9).PercentPlayed,33)">indicator/inprogress-50.png</value>
        <value condition="!Skin.HasSetting(Indicator.Resume) + ListItem(9).IsResumable">indicator/inprogress-25.png</value>
        <value condition="!Skin.HasSetting(Indicator.Watched) + String.IsEqual(ListItem(9).Overlay,OverlayWatched.png)">indicator/checkmark.png</value>
        <value condition="!Skin.HasSetting(Indicator.New) + [String.StartsWith(ListItem(9).Overlay,OverlayUnwatched.png) + [[Container.Content(movies) + [String.IsEqual(Window(Home).Property(LatestMovie.1.Title),ListItem(9).Label) | String.IsEqual(Window(Home).Property(LatestMovie.2.Title),ListItem(9).Label) | String.IsEqual(Window(Home).Property(LatestMovie.3.Title),ListItem(9).Label) | String.IsEqual(Window(Home).Property(LatestMovie.4.Title),ListItem(9).Label) | String.IsEqual(Window(Home).Property(LatestMovie.5.Title),ListItem(9).Label) | String.IsEqual(Window(Home).Property(LatestMovie.6.Title),ListItem(9).Label) | String.IsEqual(Window(Home).Property(LatestMovie.7.Title),ListItem(9).Label) | String.IsEqual(Window(Home).Property(LatestMovie.8.Title),ListItem(9).Label) | String.IsEqual(Window(Home).Property(LatestMovie.9.Title),ListItem(9).Label) | String.IsEqual(Window(Home).Property(LatestMovie.10.Title),ListItem(9).Label)]] | [[Container.Content(tvshows)] + [String.IsEqual(Window(Home).Property(LatestEpisode.1.ShowTitle),ListItem(9).TvShowTitle) | String.IsEqual(Window(Home).Property(LatestEpisode.2.ShowTitle),ListItem(9).TvShowTitle) | String.IsEqual(Window(Home).Property(LatestEpisode.3.ShowTitle),ListItem(9).TvShowTitle) | String.IsEqual(Window(Home).Property(LatestEpisode.4.ShowTitle),ListItem(9).TvShowTitle) | String.IsEqual(Window(Home).Property(LatestEpisode.5.ShowTitle),ListItem(9).TvShowTitle) | String.IsEqual(Window(Home).Property(LatestEpisode.6.ShowTitle),ListItem(9).TvShowTitle) | String.IsEqual(Window(Home).Property(LatestEpisode.7.ShowTitle),ListItem(9).TvShowTitle) | String.IsEqual(Window(Home).Property(LatestEpisode.8.ShowTitle),ListItem(9).TvShowTitle) | String.IsEqual(Window(Home).Property(LatestEpisode.9.ShowTitle),ListItem(9).TvShowTitle) | String.IsEqual(Window(Home).Property(LatestEpisode.10.ShowTitle),ListItem(9).TvShowTitle)]] | [Container.Content(episodes) + [String.IsEqual(Window(Home).Property(LatestEpisode.1.EpisodeTitle),ListItem(9).Title) | String.IsEqual(Window(Home).Property(LatestEpisode.2.EpisodeTitle),ListItem(9).Title) | String.IsEqual(Window(Home).Property(LatestEpisode.3.EpisodeTitle),ListItem(9).Title) | String.IsEqual(Window(Home).Property(LatestEpisode.4.EpisodeTitle),ListItem(9).Title) | String.IsEqual(Window(Home).Property(LatestEpisode.5.EpisodeTitle),ListItem(9).Title) | String.IsEqual(Window(Home).Property(LatestEpisode.6.EpisodeTitle),ListItem(9).Title) | String.IsEqual(Window(Home).Property(LatestEpisode.7.EpisodeTitle),ListItem(9).Title) | String.IsEqual(Window(Home).Property(LatestEpisode.8.EpisodeTitle),ListItem(9).Title) | String.IsEqual(Window(Home).Property(LatestEpisode.9.EpisodeTitle),ListItem(9).Title) | String.IsEqual(Window(Home).Property(LatestEpisode.10.EpisodeTitle),ListItem(9).Title)]]]]">indicator/new.png</value>
        <value condition="Window.IsVisible(DialogVideoInfo.xml) + !String.IsEmpty(ListItem(9).DBID)">indicator/library.png</value>
        <value condition="ListItem(9).IsCollection">indicator/movieset.png</value>
    </variable>
    <variable name="Image_Overlay_Corner9">
        <value condition="Window.IsVisible(DialogVideoInfo.xml) + !String.IsEmpty(ListItem(9).DBID)">indicator/corner.png</value>
        <value condition="ListItem(9).IsPlaying">indicator/corner.png</value>
        <value condition="!Skin.HasSetting(Indicator.Resume) + ListItem(9).IsResumable">indicator/corner.png</value>
        <value condition="!Skin.HasSetting(Indicator.Watched) + String.IsEqual(ListItem(9).Overlay,OverlayWatched.png)">indicator/corner.png</value>
        <value condition="!Skin.HasSetting(Indicator.New) + [String.StartsWith(ListItem(9).Overlay,OverlayUnwatched.png) + [[Container.Content(movies) + [String.IsEqual(Window(Home).Property(LatestMovie.1.Title),ListItem(9).Label) | String.IsEqual(Window(Home).Property(LatestMovie.2.Title),ListItem(9).Label) | String.IsEqual(Window(Home).Property(LatestMovie.3.Title),ListItem(9).Label) | String.IsEqual(Window(Home).Property(LatestMovie.4.Title),ListItem(9).Label) | String.IsEqual(Window(Home).Property(LatestMovie.5.Title),ListItem(9).Label) | String.IsEqual(Window(Home).Property(LatestMovie.6.Title),ListItem(9).Label) | String.IsEqual(Window(Home).Property(LatestMovie.7.Title),ListItem(9).Label) | String.IsEqual(Window(Home).Property(LatestMovie.8.Title),ListItem(9).Label) | String.IsEqual(Window(Home).Property(LatestMovie.9.Title),ListItem(9).Label) | String.IsEqual(Window(Home).Property(LatestMovie.10.Title),ListItem(9).Label)]] | [[Container.Content(tvshows)] + [String.IsEqual(Window(Home).Property(LatestEpisode.1.ShowTitle),ListItem(9).TvShowTitle) | String.IsEqual(Window(Home).Property(LatestEpisode.2.ShowTitle),ListItem(9).TvShowTitle) | String.IsEqual(Window(Home).Property(LatestEpisode.3.ShowTitle),ListItem(9).TvShowTitle) | String.IsEqual(Window(Home).Property(LatestEpisode.4.ShowTitle),ListItem(9).TvShowTitle) | String.IsEqual(Window(Home).Property(LatestEpisode.5.ShowTitle),ListItem(9).TvShowTitle) | String.IsEqual(Window(Home).Property(LatestEpisode.6.ShowTitle),ListItem(9).TvShowTitle) | String.IsEqual(Window(Home).Property(LatestEpisode.7.ShowTitle),ListItem(9).TvShowTitle) | String.IsEqual(Window(Home).Property(LatestEpisode.8.ShowTitle),ListItem(9).TvShowTitle) | String.IsEqual(Window(Home).Property(LatestEpisode.9.ShowTitle),ListItem(9).TvShowTitle) | String.IsEqual(Window(Home).Property(LatestEpisode.10.ShowTitle),ListItem(9).TvShowTitle)]] | [Container.Content(episodes) + [String.IsEqual(Window(Home).Property(LatestEpisode.1.EpisodeTitle),ListItem(9).Title) | String.IsEqual(Window(Home).Property(LatestEpisode.2.EpisodeTitle),ListItem(9).Title) | String.IsEqual(Window(Home).Property(LatestEpisode.3.EpisodeTitle),ListItem(9).Title) | String.IsEqual(Window(Home).Property(LatestEpisode.4.EpisodeTitle),ListItem(9).Title) | String.IsEqual(Window(Home).Property(LatestEpisode.5.EpisodeTitle),ListItem(9).Title) | String.IsEqual(Window(Home).Property(LatestEpisode.6.EpisodeTitle),ListItem(9).Title) | String.IsEqual(Window(Home).Property(LatestEpisode.7.EpisodeTitle),ListItem(9).Title) | String.IsEqual(Window(Home).Property(LatestEpisode.8.EpisodeTitle),ListItem(9).Title) | String.IsEqual(Window(Home).Property(LatestEpisode.9.EpisodeTitle),ListItem(9).Title) | String.IsEqual(Window(Home).Property(LatestEpisode.10.EpisodeTitle),ListItem(9).Title)]]]]">indicator/corner.png</value>
        <value condition="ListItem(9).IsCollection">indicator/corner.png</value>
    </variable>
</includes>