<?xml version="1.0" encoding="UTF-8"?>
<window>
    <defaultcontrol>11</defaultcontrol>
    <onload>SetProperty(TMDbHelper.WidgetContainer,11)</onload>
    <controls>
        <include content="Object_GlassPanel">
            <param name="colordiffuse" value="panel_bg" />
            <left>40</left>
            <top>40</top>
            <bottom>40</bottom>
            <width>720</width>
            <include>Animation_SlideIn_Dialog</include>
            <include content="Object_GlassPanel">
                <control type="group">
                    <top>20</top>
                    <bottom>20</bottom>
                    <control type="group">
                        <height>120</height>
                        <left>grid_x04</left>
                        <right>grid_x04</right>
                        <control type="image">
                            <height>1</height>
                            <bottom>20</bottom>
                            <texture colordiffuse="panel_fg_12">common/white.png</texture>
                        </control>
                        <control type="group">
                            <height>80</height>
                            <control type="image">
                                <height>80</height>
                                <width>80</width>
                                <aspectratio>keep</aspectratio>
                                <texture>special://skin/extras/icons/livetv.png</texture>
                            </control>
                            <control type="image">
                                <width>1</width>
                                <left>120</left>
                                <bottom>20</bottom>
                                <top>20</top>
                                <texture colordiffuse="panel_fg_12">common/white.png</texture>
                            </control>
                            <control type="label">
                                <left>150</left>
                                <height>20</height>
                                <centertop>30%</centertop>
                                <font>font_small_bold</font>
                                <label>$INFO[VideoPlayer.ChannelGroup]</label>
                                <textcolor>panel_fg_90</textcolor>
                            </control>
                            <control type="label">
                                <left>150</left>
                                <height>20</height>
                                <centerbottom>30%</centerbottom>
                                <font>font_genrelabel</font>
                                <label>$INFO[Container(11).NumItems,, $LOCALIZE[19019]]</label>
                                <textcolor>panel_fg_90</textcolor>
                            </control>
                        </control>
                    </control>
                    <include content="List_PVRRecordings">
                        <param name="id" value="11" />
                        <param name="misc" value="20" />
                        <param name="controltype" value="fixedlist" />
                        <movement>3</movement>
                        <focusposition>3</focusposition>
                        <top>120</top>
                        <onright>NextChannelGroup</onright>
                        <onleft>PreviousChannelGroup</onleft>
                    </include>
                </control>
            </include>
        </include>
    </controls>
</window>
