<?xml version="1.0" encoding="UTF-8"?>
<fonts>
    <fontset id="Default" unicode="false">

        <!-- Title fonts -->
        <font>
            <name>font_weathertemp</name>
            <filename>RobotoCondensed-Bold.ttf</filename>
            <size>107</size>
            <style>bold</style>
        </font>
        <font>
            <name>font_infotitle</name>
            <filename>RobotoCondensed-Bold.ttf</filename>
            <style>bold</style>
            <size>78</size>
        </font>
        <font>
            <name>font_infotitle_light</name>
            <filename>RobotoCondensed-Light.ttf</filename>
            <size>78</size>
        </font>
        <font>
            <name>font_weatherlabel</name>
            <filename>RobotoCondensed-Bold.ttf</filename>
            <size>50</size>
            <style>bold</style>
        </font>
        <font>
            <name>font_mainlabel</name>
            <filename>RobotoCondensed-Bold.ttf</filename>
            <size>44</size>
            <style>bold</style>
        </font>
        <font>
            <name>font_midilabel</name>
            <filename>RobotoCondensed-Bold.ttf</filename>
            <size>36</size>
            <style>bold</style>
        </font>
        <font>
            <name>font_menulabel</name>
            <filename>RobotoCondensed-Bold.ttf</filename>
            <size>32</size>
            <style>bold</style>
        </font>

        <!-- Standard Fonts -->
        <font>
            <name>font_medium_bold</name>
            <filename>RobotoCondensed-Bold.ttf</filename>
            <size>38</size>
        </font>
        <font>
            <name>font_medium</name>
            <filename>RobotoCondensed-Regular.ttf</filename>
            <size>36</size>
        </font>
        <font>
            <name>font_small_bold</name>
            <filename>RobotoCondensed-Bold.ttf</filename>
            <size>32</size>
        </font>
        <font>
            <name>font_small</name>
            <filename>RobotoCondensed-Regular.ttf</filename>
            <size>30</size>
        </font>
        <font>
            <name>font_mini_bold</name>
            <filename>RobotoCondensed-Bold.ttf</filename>
            <size>28</size>
        </font>
        <font>
            <name>font_mini</name>
            <filename>RobotoCondensed-Regular.ttf</filename>
            <size>27</size>
        </font>
        <font>
            <name>font_statusbar_bold</name>
            <filename>RobotoCondensed-Bold.ttf</filename>
            <size>24</size>
        </font>
        <font>
            <name>font_statusbar</name>
            <filename>RobotoCondensed-Regular.ttf</filename>
            <size>22</size>
        </font>

        <!-- Textbox Fonts -->
        <font>
            <name>font_overlay_plotbox</name>
            <filename>RobotoCondensed-Regular.ttf</filename>
            <linespacing>1.31</linespacing>
            <size>48</size>
        </font>
        <font>
            <name>font_plotbox_dialog</name>
            <filename>RobotoCondensed-Regular.ttf</filename>
            <linespacing>1.4</linespacing>
            <size>36</size>
        </font>
        <font>
            <name>font_plotbox</name>
            <filename>RobotoCondensed-Regular.ttf</filename>
            <linespacing>1.14</linespacing>
            <size>30</size>
        </font>
        <font>
            <name>font_plotbox_mini</name>
            <filename>RobotoCondensed-Regular.ttf</filename>
            <linespacing>1.2</linespacing>
            <size>27</size>
        </font>

        <!-- Default Side Button Font -->
        <font>
            <name>font_button</name>
            <style>uppercase</style>
            <filename>RobotoCondensed-Regular.ttf</filename>
            <size>24</size>
        </font>

        <!-- Font for FPS codec flag -->
        <font>
            <name>font_fps</name>
            <filename>RobotoCondensed-Regular.ttf</filename>
            <size>16</size>
        </font>
        <font>
            <name>font_videocodec_bold</name>
            <filename>Nick-Titling.ttf</filename>
            <size>22</size>
        </font>
        <font>
            <name>font_videocodec_top</name>
            <style>uppercase bold</style>
            <filename>RobotoCondensed-Bold.ttf</filename>
            <size>19</size>
        </font>
        <font>
            <name>font_videocodec_bottom</name>
            <style>uppercase</style>
            <filename>RobotoCondensed-Regular.ttf</filename>
            <size>19</size>
        </font>

        <!-- Font for osd language button text -->
        <font>
            <name>font_osd_lang</name>
            <filename>RobotoCondensed-Regular.ttf</filename>
            <size>14</size>
            <linespacing>1.2</linespacing>
        </font>

        <!-- PVR EPG Genre Label -->
        <font>
            <name>font_genrelabel</name>
            <filename>RobotoCondensed-Bold.ttf</filename>
            <size>20</size>
            <style>uppercase</style>
        </font>

        <!-- Dialog Hint Label -->
        <font>
            <name>font_hintlabel</name>
            <style>uppercase bold</style>
            <filename>RobotoCondensed-Bold.ttf</filename>
            <size>18</size>
        </font>

        <!-- Unwatched Episode Count -->
        <font>
            <name>font_unwatched</name>
            <filename>RobotoCondensed-Bold.ttf</filename>
            <size>16</size>
        </font>

        <!-- Music visualisation scrolling text -->
        <font>
            <name>font_musicvis_biggest</name>
            <filename>RobotoCondensed-Light.ttf</filename>
            <size>230</size>
        </font>
        <font>
            <name>font_musicvis_bigger</name>
            <filename>RobotoCondensed-Light.ttf</filename>
            <size>130</size>
        </font>
        <font>
            <name>font_musicvis_big</name>
            <filename>RobotoCondensed-Light.ttf</filename>
            <size>80</size>
        </font>


        <!-- Keyboard Symbol Font -->
        <font>
            <name>font_small_iconic</name>
            <filename>iconmonstr-iconic-font.ttf</filename>
            <size>30</size>
        </font>


        <!-- Kodi Logo Font -->
        <font>
            <name>font_logo</name>
            <filename>Questrial-Regular.ttf</filename>
            <size>27</size>
        </font>
        <font>
            <name>font_logo_large</name>
            <filename>Questrial-Regular.ttf</filename>
            <size>44</size>
        </font>


        <!-- Required for system -->
        <font>
            <name>font13</name>
            <filename>RobotoCondensed-Regular.ttf</filename>
            <size>30</size>
        </font>
        <font>
            <name>Clock</name>
            <filename>RobotoCondensed-Bold.ttf</filename>
            <size>130</size>
        </font>


        <!-- Testing Fonts -->
        <font>
            <name>font_debug</name>
            <filename>RobotoMono-Light.ttf</filename>
            <size>24</size>
            <aspect>0.8</aspect>
        </font>
    </fontset>

    <fontset id="NotoRoboto - Arabic / Hebrew" unicode="true">

        <!-- Title fonts -->
        <font>
            <name>font_weathertemp</name>
            <filename>RobotoNotoCondensed-Bold.ttf</filename>
            <size>107</size>
            <style>bold</style>
        </font>
        <font>
            <name>font_infotitle</name>
            <filename>RobotoNotoCondensed-Bold.ttf</filename>
            <style>bold</style>
            <size>78</size>
        </font>
        <font>
            <name>font_infotitle_light</name>
            <filename>RobotoNotoCondensed-Light.ttf</filename>
            <size>78</size>
        </font>
        <font>
            <name>font_weatherlabel</name>
            <filename>RobotoNotoCondensed-Bold.ttf</filename>
            <size>50</size>
            <style>bold</style>
        </font>
        <font>
            <name>font_mainlabel</name>
            <filename>RobotoNotoCondensed-Bold.ttf</filename>
            <size>44</size>
            <style>bold</style>
        </font>
        <font>
            <name>font_midilabel</name>
            <filename>RobotoNotoCondensed-Bold.ttf</filename>
            <size>36</size>
            <style>bold</style>
        </font>
        <font>
            <name>font_menulabel</name>
            <filename>RobotoNotoCondensed-Bold.ttf</filename>
            <size>32</size>
            <style>bold</style>
        </font>

        <!-- Standard Fonts -->
        <font>
            <name>font_medium_bold</name>
            <filename>RobotoNotoCondensed-Bold.ttf</filename>
            <size>38</size>
        </font>
        <font>
            <name>font_medium</name>
            <filename>RobotoNotoCondensed-Regular.ttf</filename>
            <size>36</size>
        </font>
        <font>
            <name>font_small_bold</name>
            <filename>RobotoNotoCondensed-Bold.ttf</filename>
            <size>32</size>
        </font>
        <font>
            <name>font_small</name>
            <filename>RobotoNotoCondensed-Regular.ttf</filename>
            <size>30</size>
        </font>
        <font>
            <name>font_mini_bold</name>
            <filename>RobotoNotoCondensed-Bold.ttf</filename>
            <size>28</size>
        </font>
        <font>
            <name>font_mini</name>
            <filename>RobotoNotoCondensed-Regular.ttf</filename>
            <size>27</size>
        </font>
        <font>
            <name>font_statusbar_bold</name>
            <filename>RobotoNotoCondensed-Bold.ttf</filename>
            <size>24</size>
        </font>
        <font>
            <name>font_statusbar</name>
            <filename>RobotoNotoCondensed-Regular.ttf</filename>
            <size>22</size>
        </font>

        <!-- Textbox Fonts -->
        <font>
            <name>font_overlay_plotbox</name>
            <filename>RobotoNotoCondensed-Regular.ttf</filename>
            <linespacing>1.31</linespacing>
            <size>48</size>
        </font>
        <font>
            <name>font_plotbox_dialog</name>
            <filename>RobotoNotoCondensed-Regular.ttf</filename>
            <linespacing>1.4</linespacing>
            <size>36</size>
        </font>
        <font>
            <name>font_plotbox</name>
            <filename>RobotoNotoCondensed-Regular.ttf</filename>
            <linespacing>1.14</linespacing>
            <size>30</size>
        </font>
        <font>
            <name>font_plotbox_mini</name>
            <filename>RobotoNotoCondensed-Regular.ttf</filename>
            <linespacing>1.2</linespacing>
            <size>27</size>
        </font>

        <!-- Default Side Button Font -->
        <font>
            <name>font_button</name>
            <style>uppercase</style>
            <filename>RobotoNotoCondensed-Regular.ttf</filename>
            <size>24</size>
        </font>

        <!-- Font for FPS codec flag -->
        <font>
            <name>font_fps</name>
            <filename>RobotoCondensed-Regular.ttf</filename>
            <size>16</size>
        </font>
        <font>
            <name>font_videocodec_bold</name>
            <filename>Nick-Titling.ttf</filename>
            <size>22</size>
        </font>
        <font>
            <name>font_videocodec_top</name>
            <style>uppercase bold</style>
            <filename>RobotoCondensed-Bold.ttf</filename>
            <size>19</size>
        </font>
        <font>
            <name>font_videocodec_bottom</name>
            <style>uppercase</style>
            <filename>RobotoCondensed-Regular.ttf</filename>
            <size>19</size>
        </font>

        <!-- Font for osd language button text -->
        <font>
            <name>font_osd_lang</name>
            <filename>RobotoNotoCondensed-Regular.ttf</filename>
            <size>14</size>
            <linespacing>1.2</linespacing>
        </font>

        <!-- PVR EPG Genre Label -->
        <font>
            <name>font_genrelabel</name>
            <filename>RobotoNotoCondensed-Bold.ttf</filename>
            <size>20</size>
            <style>uppercase</style>
        </font>

        <!-- Dialog Hint Label -->
        <font>
            <name>font_hintlabel</name>
            <style>uppercase bold</style>
            <filename>RobotoNotoCondensed-Bold.ttf</filename>
            <size>18</size>
        </font>

        <!-- Unwatched Episode Count -->
        <font>
            <name>font_unwatched</name>
            <filename>RobotoNotoCondensed-Bold.ttf</filename>
            <size>16</size>
        </font>

        <!-- Music visualisation scrolling text -->
        <font>
            <name>font_musicvis_biggest</name>
            <filename>RobotoNotoCondensed-Light.ttf</filename>
            <size>230</size>
        </font>
        <font>
            <name>font_musicvis_bigger</name>
            <filename>RobotoNotoCondensed-Light.ttf</filename>
            <size>130</size>
        </font>
        <font>
            <name>font_musicvis_big</name>
            <filename>RobotoNotoCondensed-Light.ttf</filename>
            <size>80</size>
        </font>


        <!-- Keyboard Symbol Font -->
        <font>
            <name>font_small_iconic</name>
            <filename>iconmonstr-iconic-font.ttf</filename>
            <size>30</size>
        </font>


        <!-- Kodi Logo Font -->
        <font>
            <name>font_logo</name>
            <filename>Questrial-Regular.ttf</filename>
            <size>27</size>
        </font>
        <font>
            <name>font_logo_large</name>
            <filename>Questrial-Regular.ttf</filename>
            <size>44</size>
        </font>


        <!-- Required for system -->
        <font>
            <name>font13</name>
            <filename>RobotoNotoCondensed-Regular.ttf</filename>
            <size>30</size>
        </font>
        <font>
            <name>Clock</name>
            <filename>RobotoNotoCondensed-Bold.ttf</filename>
            <size>130</size>
        </font>


        <!-- Testing Fonts -->
        <font>
            <name>font_debug</name>
            <filename>RobotoMono-Light.ttf</filename>
            <size>24</size>
            <aspect>0.8</aspect>
        </font>
    </fontset>

    <fontset id="CJK - Chinese / Japanese / Korean" unicode="true">

        <!-- Title fonts -->
        <font>
            <name>font_weathertemp</name>
            <filename>RobotoCJKSC-Bold.ttf</filename>
            <aspect>0.89</aspect>
            <size>107</size>
            <style>bold</style>
        </font>
        <font>
            <name>font_infotitle</name>
            <filename>RobotoCJKSC-Bold.ttf</filename>
            <aspect>0.89</aspect>
            <size>78</size>
        </font>
        <font>
            <name>font_infotitle_light</name>
            <filename>RobotoCJKSC-Light.ttf</filename>
            <aspect>0.89</aspect>
            <size>78</size>
        </font>
        <font>
            <name>font_weatherlabel</name>
            <filename>RobotoCJKSC-Bold.ttf</filename>
            <aspect>0.89</aspect>
            <size>50</size>
            <style>bold</style>
        </font>
        <font>
            <name>font_mainlabel</name>
            <filename>RobotoCJKSC-Bold.ttf</filename>
            <aspect>0.89</aspect>
            <size>44</size>
            <style>bold</style>
        </font>
        <font>
            <name>font_midilabel</name>
            <filename>RobotoCJKSC-Bold.ttf</filename>
            <aspect>0.89</aspect>
            <size>36</size>
            <style>bold</style>
        </font>
        <font>
            <name>font_menulabel</name>
            <filename>RobotoCJKSC-Bold.ttf</filename>
            <aspect>0.89</aspect>
            <size>32</size>
            <style>bold</style>
        </font>

        <!-- Standard Fonts -->
        <font>
            <name>font_medium_bold</name>
            <filename>RobotoCJKSC-Bold.ttf</filename>
            <aspect>0.89</aspect>
            <size>38</size>
        </font>
        <font>
            <name>font_medium</name>
            <filename>RobotoCJKSC-Regular.ttf</filename>
            <aspect>0.89</aspect>
            <size>36</size>
        </font>
        <font>
            <name>font_small_bold</name>
            <filename>RobotoCJKSC-Bold.ttf</filename>
            <aspect>0.89</aspect>
            <size>32</size>
        </font>
        <font>
            <name>font_small</name>
            <filename>RobotoCJKSC-Regular.ttf</filename>
            <aspect>0.89</aspect>
            <size>30</size>
        </font>
        <font>
            <name>font_mini_bold</name>
            <filename>RobotoCJKSC-Bold.ttf</filename>
            <aspect>0.89</aspect>
            <size>28</size>
        </font>
        <font>
            <name>font_mini</name>
            <filename>RobotoCJKSC-Regular.ttf</filename>
            <aspect>0.89</aspect>
            <size>27</size>
        </font>
        <font>
            <name>font_statusbar_bold</name>
            <filename>RobotoCJKSC-Bold.ttf</filename>
            <aspect>0.89</aspect>
            <size>24</size>
        </font>
        <font>
            <name>font_statusbar</name>
            <filename>RobotoCJKSC-Regular.ttf</filename>
            <aspect>0.89</aspect>
            <size>22</size>
        </font>

        <!-- Textbox Fonts -->
        <font>
            <name>font_overlay_plotbox</name>
            <filename>RobotoCJKSC-Regular.ttf</filename>
            <aspect>0.89</aspect>
            <linespacing>1.31</linespacing>
            <size>48</size>
        </font>
        <font>
            <name>font_plotbox_dialog</name>
            <filename>RobotoCJKSC-Regular.ttf</filename>
            <aspect>0.89</aspect>
            <linespacing>1.4</linespacing>
            <size>36</size>
        </font>
        <font>
            <name>font_plotbox</name>
            <filename>RobotoCJKSC-Regular.ttf</filename>
            <aspect>0.89</aspect>
            <linespacing>1.14</linespacing>
            <size>28</size>
        </font>
        <font>
            <name>font_plotbox_mini</name>
            <filename>RobotoCJKSC-Regular.ttf</filename>
            <aspect>0.89</aspect>
            <linespacing>1.2</linespacing>
            <size>27</size>
        </font>

        <!-- Default Side Button Font -->
        <font>
            <name>font_button</name>
            <style>uppercase</style>
            <filename>RobotoCJKSC-Regular.ttf</filename>
            <aspect>0.89</aspect>
            <size>24</size>
        </font>

        <!-- Font for FPS codec flag -->
        <font>
            <name>font_fps</name>
            <filename>RobotoCondensed-Regular.ttf</filename>
            <size>16</size>
        </font>
        <font>
            <name>font_videocodec_bold</name>
            <filename>Nick-Titling.ttf</filename>
            <size>22</size>
        </font>
        <font>
            <name>font_videocodec_top</name>
            <style>uppercase bold</style>
            <filename>RobotoCondensed-Bold.ttf</filename>
            <size>19</size>
        </font>
        <font>
            <name>font_videocodec_bottom</name>
            <style>uppercase</style>
            <filename>RobotoCondensed-Regular.ttf</filename>
            <size>19</size>
        </font>

        <!-- Font for osd language button text -->
        <font>
            <name>font_osd_lang</name>
            <filename>RobotoCJKSC-Regular.ttf</filename>
            <aspect>0.89</aspect>
            <size>14</size>
            <linespacing>1.2</linespacing>
        </font>

        <!-- PVR EPG Genre Label -->
        <font>
            <name>font_genrelabel</name>
            <filename>RobotoCJKSC-Bold.ttf</filename>
            <aspect>0.89</aspect>
            <size>20</size>
            <style>uppercase</style>
        </font>

        <!-- Dialog Hint Label -->
        <font>
            <name>font_hintlabel</name>
            <style>uppercase bold</style>
            <filename>RobotoCJKSC-Bold.ttf</filename>
            <aspect>0.89</aspect>
            <size>18</size>
        </font>

        <!-- Unwatched Episode Count -->
        <font>
            <name>font_unwatched</name>
            <filename>RobotoCJKSC-Bold.ttf</filename>
            <aspect>0.89</aspect>
            <size>16</size>
        </font>

        <!-- Music visualisation scrolling text -->
        <font>
            <name>font_musicvis_biggest</name>
            <filename>RobotoCJKSC-Light.ttf</filename>
            <aspect>0.89</aspect>
            <size>230</size>
        </font>
        <font>
            <name>font_musicvis_bigger</name>
            <filename>RobotoCJKSC-Light.ttf</filename>
            <aspect>0.89</aspect>
            <size>130</size>
        </font>
        <font>
            <name>font_musicvis_big</name>
            <filename>RobotoCJKSC-Light.ttf</filename>
            <aspect>0.89</aspect>
            <size>80</size>
        </font>


        <!-- Keyboard Symbol Font -->
        <font>
            <name>font_small_iconic</name>
            <filename>iconmonstr-iconic-font.ttf</filename>
            <size>30</size>
        </font>


        <!-- Kodi Logo Font -->
        <font>
            <name>font_logo</name>
            <filename>Questrial-Regular.ttf</filename>
            <size>27</size>
        </font>
        <font>
            <name>font_logo_large</name>
            <filename>Questrial-Regular.ttf</filename>
            <size>44</size>
        </font>


        <!-- Required for system -->
        <font>
            <name>font13</name>
            <filename>RobotoCJKSC-Regular.ttf</filename>
            <aspect>0.89</aspect>
            <size>30</size>
        </font>
        <font>
            <name>Clock</name>
            <filename>RobotoCJKSC-Bold.ttf</filename>
            <aspect>0.89</aspect>
            <size>130</size>
        </font>
    </fontset>

</fonts>

