<?xml version="1.0" encoding="UTF-8"?>
<window>
    <!-- videolibrary -->
    <backgroundcolor>Background</backgroundcolor>
    <menucontrol>9000</menucontrol>
    <defaultcontrol always="true">50</defaultcontrol>
    <views>50,550,510,51,57,577,53,553,54,58,525,52,535,500,59,55,56,552</views>
    <onload condition="System.HasAddon(script.tv.show.next.aired)">RunScript(script.tv.show.next.aired,backend=True)</onload>
    <onunload>SetProperty(NodeReturn,videos,home)</onunload>
    <onunload>SetProperty(HubReturn,$INFO[Container.FolderPath],home)</onunload>
    <controls>



        <!-- Background -->
        <include>Furniture_Background</include>
        <include>Furniture_RSS</include>
        <include>Furniture_TopBar</include>



        <!-- Main group -->
        <control type="group">
            <animation effect="fade" start="100" end="0" condition="!Integer.IsGreater(Container.NumItems,0) | !String.IsEmpty(Window(Home).Property(extinfo))">Conditional</animation>
            <include>Defs_ViewBackground</include>
            <include content="Object_Headline">
                <param name="label" value="$VAR[Label_SortLine]$VAR[Label_IconLine]" />
            </include>
            <include condition="!Skin.HasSetting(SkinViewTypes.View.Disabled.550)">Viewtype_List</include>
            <include>Viewtype_SquareList</include>
            <include>Viewtype_PlainList</include>
            <include condition="!Skin.HasSetting(SkinViewTypes.View.Disabled.510)">Viewtype_BigList</include>
            <include condition="!Skin.HasSetting(SkinViewTypes.View.Disabled.51)">Viewtype_MediaInfo</include>
            <include condition="!Skin.HasSetting(SkinViewTypes.View.Disabled.57)">Viewtype_MediaInfo2</include>
            <include condition="!Skin.HasSetting(SkinViewTypes.View.Disabled.577)">Viewtype_MediaInfo3</include>
            <include condition="!Skin.HasSetting(SkinViewTypes.View.Disabled.53)">Viewtype_InfoList</include>
            <include condition="!Skin.HasSetting(SkinViewTypes.View.Disabled.553)">Viewtype_InfoList2</include>
            <include condition="!Skin.HasSetting(SkinViewTypes.View.Disabled.54)">Viewtype_FanartList</include>
            <include condition="!Skin.HasSetting(SkinViewTypes.View.Disabled.500)">Viewtype_Icon</include>
            <include condition="!Skin.HasSetting(SkinViewTypes.View.Disabled.59)">Viewtype_IconExtra</include>
            <include condition="!Skin.HasSetting(SkinViewTypes.View.Disabled.55)">Viewtype_IconWide</include>
            <include condition="!Skin.HasSetting(SkinViewTypes.View.Disabled.56)">Viewtype_IconFanart</include>
            <include condition="!Skin.HasSetting(SkinViewTypes.View.Disabled.52)">Viewtype_MediumIcon</include>
            <include condition="!Skin.HasSetting(SkinViewTypes.View.Disabled.525) + !Skin.HasSetting(global.widescreen)">Viewtype_BigIcon</include>
            <include condition="!Skin.HasSetting(SkinViewTypes.View.Disabled.58)">Viewtype_Lovefilm</include>
            <include condition="!Skin.HasSetting(SkinViewTypes.View.Disabled.535)">Viewtype_ShowCase</include>



            <control type="group">
                <left>bigpad</left>
                <right>bigpad</right>
                <top>bigpad</top>
                <height>posterh</height>
                <control type="group">
                    <left>-84</left>
                    <width>80</width>
                    <include content="Object_Alphabet_Vert" condition="Skin.HasSetting(furniture.alphabet) + !Skin.HasSetting(global.widescreen)">
                        <param name="visible" value="[Skin.HasSetting(furniture.showflags) + [Control.IsVisible(52) | Control.IsVisible(525) | Control.IsVisible(58) | Control.IsVisible(535)]] | [Control.IsVisible(50) | Control.IsVisible(550) | Control.IsVisible(552) | Control.IsVisible(510) | Control.IsVisible(51) | Control.IsVisible(57) | Control.IsVisible(577) | Control.IsVisible(53) | Control.IsVisible(553) | Control.IsVisible(54) | Control.IsVisible(500) | Control.IsVisible(59) | Control.IsVisible(55) | Control.IsVisible(56) | Control.IsVisible(56)]" />
                    </include>
                </control>
                <control type="group">
                    <bottom>-80</bottom>
                    <height>80</height>
                    <include content="Object_Alphabet_Horz" condition="Skin.HasSetting(furniture.alphabet) + !Skin.HasSetting(furniture.showflags)">
                        <param name="visible" value="[Control.IsVisible(52) | Control.IsVisible(525) | Control.IsVisible(58) | Control.IsVisible(535)] | [Skin.HasSetting(global.widescreen) + [Control.IsVisible(50) | Control.IsVisible(550) | Control.IsVisible(552) | Control.IsVisible(510) | Control.IsVisible(51) | Control.IsVisible(57) | Control.IsVisible(577) | Control.IsVisible(53) | Control.IsVisible(553) | Control.IsVisible(54) | Control.IsVisible(500) | Control.IsVisible(59) | Control.IsVisible(55) | Control.IsVisible(56) | Control.IsVisible(56)]]" />
                    </include>
                </control>
                <include content="Object_Scrollbar">
                    <param name="visible" value="Control.IsVisible(50) | Control.IsVisible(550) | Control.IsVisible(552) | Control.IsVisible(510) | Control.IsVisible(51) | Control.IsVisible(57) | Control.IsVisible(577) | Control.IsVisible(53) | Control.IsVisible(553) | Control.IsVisible(54) | Control.IsVisible(500) | Control.IsVisible(59) | Control.IsVisible(55) | Control.IsVisible(56) | Control.IsVisible(56)" />
                </include>
                <include content="Object_Scrollbar_Horizontal">
                    <param name="visible" value="Control.IsVisible(52) | Control.IsVisible(525) | Control.IsVisible(58) | Control.IsVisible(535)" />
                </include>
            </control>
        </control>

        
        <!-- Menu -->
        <control type="group">
            <include condition="!Skin.HasSetting(HorizontalMenus)">GlobalOverlay</include>
            <include condition="!Skin.HasSetting(HorizontalMenus)">Dialog_Center</include>
            <visible allowhiddenfocus="true">ControlGroup(9000).HasFocus()</visible>
            <include>Animation_FadeIn</include>
            <include>Animation_FadeOut</include>
        </control>
        <control type="group">
            <visible allowhiddenfocus="true">ControlGroup(9000).HasFocus()</visible>
            <include condition="!Skin.HasSetting(HorizontalMenus)">Dialog_Center_Def</include>
            <include condition="Skin.HasSetting(HorizontalMenus)">Dialog_Top</include>
            <include condition="Skin.HasSetting(HorizontalMenus)">Dialog_Background</include>
            <include content="Dialog_Top_IconHeader">
                <param name="label" value="$LOCALIZE[31068]" />
                <param name="icon" value="special://skin/extras/icons/settings.png" />
            </include>
            <include content="Dialog_Center_Arrows" condition="!Skin.HasSetting(HorizontalMenus)">
                <param name="id" value="9000" />
            </include>
            <include content="Dialog_Top_Arrows" condition="Skin.HasSetting(HorizontalMenus)">
                <param name="id" value="9000" />
            </include>

            <control type="grouplist" id="9000">
                <include condition="!Skin.HasSetting(HorizontalMenus)">Dialog_Center_GroupList</include>
                <include condition="Skin.HasSetting(HorizontalMenus)">Dialog_Top_GroupList</include>
                <defaultcontrol always="true">3</defaultcontrol>
                <include>Object_BasicViewList</include>
                <!-- Watched toggle -->
                <control type="radiobutton" id="14">
                    <include condition="!Skin.HasSetting(HorizontalMenus)">Defs_OptionButton2_Horz</include>
                    <include condition="Skin.HasSetting(HorizontalMenus)">Defs_OptionButton2</include>
                    <label>20367</label>
                    <visible>Control.IsEnabled(14)</visible>
                </control>
                <!-- Filter -->
                <control type="edit" id="19">
                    <include condition="!Skin.HasSetting(HorizontalMenus)">Defs_OptionButton2_Horz</include>
                    <include condition="Skin.HasSetting(HorizontalMenus)">Defs_OptionButton2</include>
                    <label>587</label>
                    <visible>Container.CanFilter + !Container.CanFilterAdvanced</visible>
                    <visible>Control.IsEnabled(19)</visible>
                </control>
                <!-- Filter -->
                <control type="radiobutton" id="93">
                    <include condition="!Skin.HasSetting(HorizontalMenus)">Defs_OptionButton2_Horz</include>
                    <include condition="Skin.HasSetting(HorizontalMenus)">Defs_OptionButton2</include>
                    <label>587</label>
                    <onclick>Filter</onclick>
                    <selected>Container.Filtered</selected>
                    <visible>Container.CanFilterAdvanced</visible>
                    <visible>Control.IsEnabled(93)</visible>
                </control>
                <!-- Update -->
                <control type="button" id="20">
                    <label>653</label>
                    <include condition="!Skin.HasSetting(HorizontalMenus)">Defs_OptionButton2_Horz</include>
                    <include condition="Skin.HasSetting(HorizontalMenus)">Defs_OptionButton2</include>
                    <onclick>SetFocus(50)</onclick>
                    <visible>Control.IsEnabled(20)</visible>
                </control>
            </control>

        </control>

        <include>Furniture_OverlayInfo</include>

    </controls>

</window>