<?xml version="1.0" encoding="UTF-8"?>
<includes>
    <include name="View_Furniture_List_Bottom">
        <include content="Object_Control" condition="$EXP[Exp_View_501_Include] | $EXP[Exp_View_511_Include] | $EXP[Exp_View_507_Include] | $EXP[Exp_View_517_Include]">
            <param name="control" value="group" />
            <visible>$EXP[Exp_ListViews]</visible>
            <include condition="$EXP[Exp_View_501_Include]">View_501_Square_List</include>
            <include condition="$EXP[Exp_View_507_Include]">View_507_Square_Infolist</include>
            <include condition="$EXP[Exp_View_511_Include]">View_511_Landscape_List</include>
            <include condition="$EXP[Exp_View_517_Include]">View_517_Landscape_Infolist</include>
        </include>
        <include content="Object_Control" condition="$EXP[Exp_View_508_Include] | $EXP[Exp_View_558_Include]">
            <param name="control" value="group" />
            <visible>$EXP[Exp_BigListViews]</visible>
            <include condition="$EXP[Exp_View_508_Include]">View_508_Square_Playlist</include>
            <include condition="$EXP[Exp_View_558_Include]">View_558_MediaInfo_List</include>
        </include>
    </include>

    <include name="View_List_Playlist_Main">
        <param name="isviewtype" default="true" />
        <param name="flipside" default="false" />
        <param name="right">info_poster_w</param>
        <param name="detailed">true</param>
        <definition>
            <include content="Object_Control">
                <param name="control" value="group" />
                <control type="group">
                    <include content="Object_Left" condition="!$PARAM[flipside]">
                        <param name="left">40</param>
                    </include>
                    <include content="Object_Right" condition="$PARAM[flipside]">
                        <param name="right">40</param>
                    </include>
                    <include content="Object_GlassPanel">
                        <include content="Object_Left" condition="!$PARAM[flipside]">
                            <param name="left">$PARAM[right]</param>
                        </include>
                        <include content="Object_Right" condition="$PARAM[flipside]">
                            <param name="right">$PARAM[right]</param>
                        </include>
                        <include content="List_MediaList">
                            <param name="id" value="$PARAM[id]" />
                            <param name="detailed" value="$PARAM[detailed]" />
                            <param name="itemlayout_include" value="Layout_PlayList" />
                            <param name="item_h" value="113.33" />
                            <param name="item_w" value="113.33" />
                            <param name="itemlayout_h" value="113.33" />
                            <param name="misc" value="5" />
                            <left>-grid_x04</left>
                            <right>-grid_x04</right>
                            <include content="Object_Visible" condition="$PARAM[isviewtype]">
                                <param name="visible">$EXP[Exp_View_Special] + $EXP[Exp_View_$PARAM[id]]</param>
                            </include>
                            <viewtype label="$PARAM[viewtype_label]">list</viewtype>
                            <onleft>63</onleft>
                            <onright>menu</onright>
                            <pagecontrol>63</pagecontrol>
                            <onfocus>ClearProperty(TMDbHelper.WidgetContainer)</onfocus>
                        </include>
                    </include>
                </control>
            </include>
        </definition>
    </include>

    <include name="View_List_PlayList">
        <param name="isviewtype" default="true" />
        <param name="flipside" default="false" />
        <definition>
            <control type="group">
                <visible>Control.IsVisible($PARAM[id])</visible>
                <include>Dimension_View</include>
                <include content="View_List_Playlist_Main">
                    <param name="id">$PARAM[id]</param>
                    <param name="flipside">$PARAM[flipside]</param>
                    <param name="isviewtype">$PARAM[isviewtype]</param>
                </include>
                <include content="Dialog_MusicInfoAlbumArt">
                    <param name="discart_top" value="237" />
                    <param name="width" value="info_poster_w" />
                    <param name="icon" value="$INFO[ListItem.Icon]" />
                    <param name="discart_image" value="$VAR[Image_DiscArt]" />
                    <param name="discart_spin" value="Player.Playing + !Player.Paused" />
                    <include content="Object_Left" condition="!$PARAM[flipside]">
                        <param name="left">0</param>
                    </include>
                    <include content="Object_Right" condition="$PARAM[flipside]">
                        <param name="right">0</param>
                    </include>
                    <top>0</top>
                    <visible>String.IsEqual(ListItem.DBtype,song) | String.IsEqual(ListItem.DBtype,album) | String.IsEqual(ListItem.DBtype,artist)</visible>
                    <control type="image">
                        <top>info_poster_w</top>
                        <width>info_poster_w</width>
                        <texture background="true">$VAR[Image_Clearlogo]</texture>
                        <aspectratio>keep</aspectratio>
                        <bordersize>40</bordersize>
                        <visible>String.IsEmpty(ListItem.Art(discart))</visible>
                        <visible>String.IsEmpty(ListItem.Art(album.discart))</visible>
                    </control>
                </include>
                <include content="Object_BigPoster">
                    <param name="diffuse" value="diffuse/poster_w475_h680.png" />
                    <include content="Object_Left" condition="!$PARAM[flipside]">
                        <param name="left">0</param>
                    </include>
                    <include content="Object_Right" condition="$PARAM[flipside]">
                        <param name="right">0</param>
                    </include>
                    <height>info_poster_h</height>
                    <width>info_poster_w</width>
                    <visible>![String.IsEqual(ListItem.DBtype,song) | String.IsEqual(ListItem.DBtype,album) | String.IsEqual(ListItem.DBtype,artist)]</visible>
                </include>
            </control>
        </definition>
    </include>

    <include name="View_List_List">
        <param name="isviewtype">true</param>
        <param name="flipside">false</param>
        <param name="height">grid_x48</param>
        <param name="include">List_MediaList</param>
        <param name="bottom">0</param>
        <param name="scrollbar_id">64</param>
        <definition>
            <control type="group">
                <include content="Object_Right" condition="$PARAM[flipside]">
                    <param name="right">$PARAM[width]</param>
                </include>
                <include content="Object_Left" condition="!$PARAM[flipside]">
                    <param name="left">$PARAM[width]</param>
                </include>
                <height>$PARAM[height]</height>
                <bottom>0</bottom>
                <include content="Object_GlassPanel">
                    <include content="Object_Right" condition="$PARAM[flipside]">
                        <param name="right">grid_x04</param>
                    </include>
                    <include content="Object_Left" condition="!$PARAM[flipside]">
                        <param name="left">grid_x04</param>
                    </include>
                    <include content="$PARAM[include]">
                        <param name="id">$PARAM[id]</param>
                        <param name="item_h">$PARAM[item_h]</param>
                        <param name="itemlayout_h">$PARAM[itemlayout_h]</param>
                        <param name="misc">$PARAM[misc]</param>
                        <left>-grid_x04</left>
                        <right>-grid_x04</right>
                        <bottom>$PARAM[bottom]</bottom>
                        <include content="Object_Visible" condition="$PARAM[isviewtype]">
                            <param name="visible">$EXP[Exp_View_Special] + $EXP[Exp_View_$PARAM[id]]</param>
                        </include>
                        <viewtype label="$PARAM[viewtype_label]">list</viewtype>
                        <onleft>$PARAM[scrollbar_id]</onleft>
                        <onright>menu</onright>
                        <pagecontrol>$PARAM[scrollbar_id]</pagecontrol>
                        <onfocus>ClearProperty(TMDbHelper.WidgetContainer)</onfocus>
                    </include>
                </include>
            </control>
        </definition>
    </include>

    <include name="View_List_Template">
        <param name="height" default="grid_x48" />
        <param name="include" default="List_MediaList" />
        <param name="flipside" default="false" />
        <param name="isviewtype" default="true" />
        <definition>
            <control type="group">
                <visible>Control.IsVisible($PARAM[id])</visible>
                <include>Dimension_View</include>
                <include content="Object_BigPoster">
                    <param name="icon">$PARAM[icon]</param>
                    <param name="diffuse">$PARAM[diffuse]</param>
                    <param name="icon_visible">![Container.Content(countries) | Container.Content(genres) | Container.Content(studios)]</param>
                    <bottom>0</bottom>
                    <include content="Object_Right" condition="$PARAM[flipside]">
                        <param name="right">0</param>
                    </include>
                    <include content="Object_Left" condition="!$PARAM[flipside]">
                        <param name="left">0</param>
                    </include>
                    <width>$PARAM[width]</width>
                    <height>$PARAM[height]</height>
                    <control type="group">
                        <visible>[Container.Content(countries) | Container.Content(genres) | Container.Content(studios)]</visible>
                        <include content="Object_ItemIcon">
                            <param name="icon">$PARAM[icon]</param>
                            <param name="diffuse">$PARAM[diffuse]</param>
                            <param name="icon_genre_bordersize">120</param>
                        </include>
                    </control>
                </include>
                <include content="View_List_List">
                    <param name="isviewtype">$PARAM[isviewtype]</param>
                    <param name="flipside">$PARAM[flipside]</param>
                    <param name="height">$PARAM[height]</param>
                    <param name="include">$PARAM[include]</param>
                    <param name="width">$PARAM[width]</param>
                    <param name="id">$PARAM[id]</param>
                    <param name="viewtype_label">$PARAM[viewtype_label]</param>
                    <param name="scrollbar_id">$PARAM[scrollbar_id]</param>
                </include>
            </control>
        </definition>
    </include>

    <include name="View_501_Square_List">
        <include content="View_List_Template">
            <param name="id" value="501" />
            <param name="icon" value="$INFO[ListItem.Icon]" />
            <param name="width" value="grid_x48" />
            <param name="viewtype_label" value="$LOCALIZE[31121]" />
            <param name="diffuse" value="diffuse/square_w480_h480.png" />
            <param name="flipside" value="!Skin.HasSetting(Lists.FlipSide)" />
        </include>
    </include>
    <include name="View_507_Square_Infolist">
        <include content="View_List_Template">
            <param name="id" value="507" />
            <param name="icon" value="$INFO[ListItem.Icon]" />
            <param name="width" value="grid_x48" />
            <param name="include" value="List_Infolist" />
            <param name="viewtype_label" value="$LOCALIZE[31143]" />
            <param name="diffuse" value="diffuse/square_w480_h480.png" />
            <param name="flipside" value="!Skin.HasSetting(Lists.FlipSide)" />
        </include>
    </include>
    <include name="View_508_Square_Playlist">
        <include content="View_List_PlayList">
            <param name="id" value="508" />
            <param name="viewtype_label" value="$LOCALIZE[31193]" />
            <param name="flipside" value="!Skin.HasSetting(Lists.FlipSide)" />
        </include>
    </include>

    <include name="View_558_MediaInfo_List">
        <param name="id">558</param>
        <param name="viewtype_label">$LOCALIZE[31276]</param>
        <param name="flipside">!Skin.HasSetting(Lists.FlipSide)</param>
        <definition>
            <control type="group">
                <visible>Control.IsVisible($PARAM[id])</visible>
                <include>Dimension_View</include>
                <include content="View_List_List">
                    <param name="isviewtype">true</param>
                    <param name="flipside">$PARAM[flipside]</param>
                    <param name="height">680</param>
                    <param name="width">info_landscape_w</param>
                    <param name="id">$PARAM[id]</param>
                    <param name="viewtype_label">$PARAM[viewtype_label]</param>
                    <param name="item_h">80</param>
                    <param name="itemlayout_h">85.714</param>
                    <param name="misc">7</param>
                    <param name="bottom">-5.714</param>
                    <param name="scrollbar_id">63</param>
                </include>
                <control type="group">
                    <include content="Object_Right" condition="$PARAM[flipside]">
                        <param name="right">0</param>
                    </include>
                    <include content="Object_Left" condition="![$PARAM[flipside]]">
                        <param name="left">0</param>
                    </include>
                    <width>info_landscape_w</width>
                    <include content="View_Wall_MediaInfo">
                        <param name="line_id">99$PARAM[id]</param>
                    </include>
                </control>
            </control>
        </definition>
    </include>

    <include name="View_511_Landscape_List">
        <include content="View_List_Template">
            <param name="id" value="511" />
            <param name="icon" value="$VAR[Image_Landscape]" />
            <param name="width" value="853" />
            <param name="viewtype_label" value="$LOCALIZE[31122]" />
            <param name="diffuse" value="diffuse/landscape_w853_h480.png" />
            <param name="flipside" value="!Skin.HasSetting(Lists.FlipSide)" />
        </include>
    </include>
    <include name="View_517_Landscape_Infolist">
        <include content="View_List_Template">
            <param name="id" value="517" />
            <param name="icon" value="$VAR[Image_Landscape]" />
            <param name="width" value="853" />
            <param name="include" value="List_Infolist" />
            <param name="viewtype_label" value="$LOCALIZE[31144]" />
            <param name="diffuse" value="diffuse/landscape_w853_h480.png" />
            <param name="flipside" value="!Skin.HasSetting(Lists.FlipSide)" />
        </include>
    </include>
</includes>