<?xml version="1.0" encoding="UTF-8"?>
<includes>
    <include name="View_Furniture_Row_Top">
        <control type="group">
            <visible>$EXP[Exp_RowViews] | $EXP[Exp_ListViews] | Control.IsVisible(540)</visible>
            <include content="Info_Panel">
                <param name="plotwidth" value="info_plot_w" />
                <param name="plotheight" value="info_plot_h" />
                <param name="details" value="!$EXP[Exp_ListViews] + !Control.IsVisible(540) + !Control.IsVisible(58)" />
                <top>view_top</top>
                <width>info_panel_w</width>
                <left>view_pad</left>
            </include>
        </control>
    </include>
    <include name="View_Furniture_Row_Bottom">
        <include content="Object_Control" condition="$EXP[Exp_View_50_Include] | $EXP[Exp_View_51_Include] | $EXP[Exp_View_52_Include] | $EXP[Exp_View_58_Include]">
            <param name="control" value="group" />
            <control type="group">
                <visible>$EXP[Exp_RowViews]</visible>
            </control>
            <include content="Object_Control" condition="$EXP[Exp_View_58_Include]" >
                <param name="control" value="group" />
                <visible>Control.IsVisible(58)</visible>
            </include>
            <include condition="$EXP[Exp_View_50_Include]">View_050_Square_Row</include>
            <include condition="$EXP[Exp_View_51_Include]">View_051_Landscape_Row</include>
            <include condition="$EXP[Exp_View_52_Include]">View_052_Poster_Row</include>
            <include condition="$EXP[Exp_View_57_Include]">View_057_BigLandscape_Row</include>
            <include condition="$EXP[Exp_View_58_Include]">View_058_BigPoster_Row</include>
        </include>
    </include>

    <include name="View_ClearArt">
        <include content="Object_Control" condition="!Skin.String(BackgroundStyle,Fanart)">
            <param name="control" value="image" />
            <bottom>divider_bottom</bottom>
            <right>view_pad</right>
            <top>view_top</top>
            <aspectratio align="right">keep</aspectratio>
            <fadetime>600</fadetime>
            <texture background="true">$VAR[Image_ClearArt]</texture>
        </include>
    </include>

    <include name="View_FlixArt">
        <param name="flixart_size">flixart_size_s</param>
        <definition>
            <control type="group">
                <animation effect="fade" start="0" end="100" time="1000">Visible</animation>
                <animation effect="fade" start="100" end="0" time="150">Hidden</animation>
                <include content="Object_Control">
                    <param name="control" value="image" />
                    <fadetime>800</fadetime>
                    <right>0</right>
                    <top>0</top>
                    <height>$PARAM[flixart_size]</height>
                    <width>$PARAM[flixart_size]</width>
                    <aspectratio scalediffuse="false">scale</aspectratio>
                    <texture background="true" diffuse="diffuse/flixart-fade.png" colordiffuse="main_flix">$VAR[Image_Foreground_FlixKeyArt]</texture>
                </include>
            </control>
        </definition>
    </include>

    <include name="View_KeyArt">
        <include content="Object_Control">
            <param name="control" value="image" />
            <right>0</right>
            <width>50%</width>
            <fadetime>800</fadetime>
            <aspectratio scalediffuse="false" aligny="top">scale</aspectratio>
            <texture background="true" diffuse="diffuse/flixart.png" colordiffuse="main_flix">$VAR[Image_Foreground_FlixKeyArt]</texture>
        </include>
    </include>

    <include name="View_Row_WallSwitch">
        <control type="group">
            <include>Animation_View_Switch</include>
            <visible>Control.IsVisible($PARAM[id]4)</visible>
            <include content="$PARAM[include]">
                <param name="id" value="$PARAM[id]4" />
                <preloaditems>2</preloaditems>
                <bottom>1</bottom>
                <onback>ClearProperty(WallMode)</onback>
                <onback>Container.SetViewMode($PARAM[id])</onback>
                <onback>$PARAM[id]5</onback>
                <visible>String.IsEqual(Window.Property(WallMode),Container.FolderPath)</visible>
                <visible>$EXP[Exp_View_Special]</visible>
                <visible>$EXP[Exp_View_$PARAM[id]]</visible>
            </include>
        </control>
        <control type="group">
            <visible>Control.IsVisible($PARAM[id]4)</visible>
            <include>Animation_FadeIn_Delay</include>
            <include content="Object_Hidden_Button">
                <param name="id" value="$PARAM[id]5" />
                <onfocus>SetFocus($PARAM[id])</onfocus>
            </include>
            <include content="Object_Hidden_Button">
                <param name="id" value="$PARAM[id]6" />
                <onfocus>Container.SetViewMode($PARAM[id]4)</onfocus>
                <onfocus>Container.SetViewMode($PARAM[id]4)</onfocus>
                <onfocus>SetFocus($PARAM[id]4)</onfocus>
            </include>
            <include content="Object_WallFade">
                <param name="id" value="$PARAM[id]4" />
            </include>
        </control>
    </include>

    <include name="View_050_Square_Row">
        <include content="View_Row_Include">
            <param name="id" value="50" />
            <param name="include" value="List_Square_Row" />
            <param name="wall_include" value="List_Square_Wall" />
            <param name="viewtype_label" value="$LOCALIZE[31113]" />
        </include>
    </include>
    <include name="View_051_Landscape_Row">
        <include content="View_Row_Include">
            <param name="id" value="51" />
            <param name="include" value="List_Landscape_Row" />
            <param name="wall_include" value="List_Landscape_Wall" />
            <param name="viewtype_label" value="$LOCALIZE[31112]" />
        </include>
    </include>
    <include name="View_052_Poster_Row">
        <include content="View_Row_Include">
            <param name="id" value="52" />
            <param name="include" value="List_Poster_Row" />
            <param name="wall_include" value="List_Poster_Wall" />
            <param name="viewtype_label" value="$LOCALIZE[31111]" />
        </include>
    </include>
    <include name="View_057_BigLandscape_Row">
        <include content="View_Row_Include">
            <param name="id" value="57" />
            <param name="include" value="List_BigLandscape_Row" />
            <param name="wall_include" value="List_BigLandscape_Wall" />
            <param name="viewtype_label" value="$LOCALIZE[31149]" />
        </include>
    </include>
    <include name="View_058_BigPoster_Row">
        <control type="group">
            <visible>Control.IsVisible(58)</visible>

            <include content="List_BigPoster">
                <param name="id" value="58" />
                <viewtype label="$LOCALIZE[31172]">wrap</viewtype>
                <focusposition>2</focusposition>
                <onup>menu</onup>
                <include content="Action_Row_OnDown">
                    <param name="id" value="58" />
                </include>
                <pagecontrol>60</pagecontrol>
                <visible>$EXP[Exp_View_Special]</visible>
                <visible>$EXP[Exp_View_58]</visible>
            </include>

            <control type="group">
                <visible>$EXP[Exp_ShowBigPosterInfo]</visible>
                <animation effect="fade" start="0" end="100" time="400" delay="400" reversible="false">Visible</animation>
                <top>260</top>
                <width>info_panel_w</width>
                <left>635</left>
                <include content="Info_Panel">
                    <param name="plotwidth" value="info_plot_w" />
                    <param name="plotheight" value="info_plot_large_h" />
                    <param name="line_id">99058</param>
                </include>
                <control type="group">
                    <top>350</top>
                    <include>DialogInfo_VideoDetails</include>
                </control>
            </control>

        </control>
    </include>


    <include name="View_Row_Include">
        <control type="group">
            <visible>!Control.IsVisible($PARAM[id]4)</visible>
            <include>Animation_View_Switch</include>
            <control type="group">
                <visible>Control.IsVisible($PARAM[id])</visible>
                <animation type="Visible" reversible="false">
                    <effect type="fade" start="0" end="100" time="0" delay="50" tween="sine" easing="out"/>
                </animation>
                <include content="$PARAM[include]">
                    <param name="id" value="$PARAM[id]" />
                    <height>divider_bottom</height>
                    <bottom>40</bottom>
                    <onup>menu</onup>
                    <pagecontrol>60</pagecontrol>
                    <include content="Action_Row_OnDown">
                        <param name="id" value="$PARAM[id]" />
                    </include>
                    <visible>$EXP[Exp_View_Special]</visible>
                    <visible>$EXP[Exp_View_$PARAM[id]]</visible>
                    <viewtype label="$PARAM[viewtype_label]">wrap</viewtype>
                    <onfocus>ClearProperty(TMDbHelper.WidgetContainer)</onfocus>
                </include>
            </control>
        </control>
        <include content="View_Row_WallSwitch">
            <param name="id" value="$PARAM[id]" />
            <param name="include" value="$PARAM[wall_include]" />
        </include>
    </include>
</includes>
